,customer_id
18,003903e0-abce-11e9-a2fc-000d3a38a36f
22,004bec18-9f7a-11e9-a2fc-000d3a38a36f
25,00534fe4-a6b4-11e9-a2fc-000d3a38a36f
49,009293fe-1f3e-11ea-87bf-000d3a38a36f
51,00a10df4-5f9d-11ea-8dd8-000d3a38a36f
54,00a7bc8e-b085-11e9-9757-000d3a38a36f
73,00f037ce-9fa6-11e9-a2fc-000d3a38a36f
89,010be698-1942-11ea-b6a2-000d3a38a36f
110,015ad42c-a4cd-11e9-a2fc-000d3a38a36f
137,018a6c62-a132-11e9-a2fc-000d3a38a36f
170,01eb536e-a854-11e9-a2fc-000d3a38a36f
171,01eb8378-ae96-11e9-a2fc-000d3a38a36f
172,01ec6786-636b-11ea-a6dc-000d3a38a36f
180,02098f82-9f8f-11e9-a2fc-000d3a38a36f
186,0211e640-2370-11ea-8523-000d3a38a36f
195,02355648-60f1-11ea-8dd8-000d3a38a36f
199,02398b8c-a9f9-11e9-a2fc-000d3a38a36f
207,0250d14a-a24f-11e9-a2fc-000d3a38a36f
220,0282144a-21d2-11eb-99f8-000d3a38a36f
235,02b56648-133b-11ea-a001-000d3a38a36f
242,02c4d744-3db2-11ea-9e19-000d3a38a36f
247,02d6802a-a37f-11e9-a2fc-000d3a38a36f
252,02d9ce2c-1c76-11ea-a490-000d3a38a36f
257,02e28698-b1dc-11e9-89fa-000d3a38a36f
259,02ed79a6-19d5-11eb-8d74-000d3a38a36f
268,0309458c-afe5-11ea-b736-000d3a38a36f
307,037fee06-1b3b-11ea-a050-000d3a38a36f
331,03c9a6a2-a68f-11e9-a2fc-000d3a38a36f
333,03cf7626-2c4b-11ea-b752-000d3a38a36f
347,03f502d4-a559-11e9-a2fc-000d3a38a36f
349,03fd22ee-ae45-11e9-a2fc-000d3a38a36f
369,04376f3c-12d4-11ea-a001-000d3a38a36f
372,043e49f8-a3d3-11e9-a2fc-000d3a38a36f
375,043fb20c-adc9-11e9-a2fc-000d3a38a36f
407,04b21532-5b97-11ea-9288-000d3a38a36f
415,04dc6890-add8-11e9-a2fc-000d3a38a36f
464,0570a22a-62b5-11ea-9861-000d3a38a36f
468,0581d56e-a252-11e9-a2fc-000d3a38a36f
484,05af90dc-9daa-11e9-9897-000d3a38a36f
524,064a9dfa-ae19-11e9-a2fc-000d3a38a36f
551,06aed748-b0ad-11e9-9757-000d3a38a36f
552,06b02d54-afff-11e9-9757-000d3a38a36f
559,06d644c8-a166-11e9-a2fc-000d3a38a36f
566,06f1d0c0-aea5-11e9-a2fc-000d3a38a36f
635,07cf53e2-2078-11ea-87bf-000d3a38a36f
643,07e230d4-d668-11e9-93bc-000d3a38a36f
651,07f783c4-d6d3-11e9-93bc-000d3a38a36f
657,080b0bca-1340-11ea-a001-000d3a38a36f
682,08615912-aaea-11e9-a2fc-000d3a38a36f
688,087c3fe4-1155-11ea-8872-000d3a38a36f
704,08b5c3b2-6377-11ea-a6dc-000d3a38a36f
716,08d9262c-b03f-11e9-9757-000d3a38a36f
721,08e67754-b1a8-11e9-89fa-000d3a38a36f
724,08f0e73e-a587-11e9-a2fc-000d3a38a36f
745,092be6ce-d6c2-11e9-93bc-000d3a38a36f
756,094c07ec-a2c4-11e9-a2fc-000d3a38a36f
785,0988a7a6-a7dd-11e9-a2fc-000d3a38a36f
797,09a72af6-47c3-11ea-b6c0-000d3a38a36f
807,09cf3c2e-9d43-11e9-9897-000d3a38a36f
829,0a0b04da-5bc9-11ea-b13c-000d3a38a36f
831,0a0e9650-a5ac-11e9-a2fc-000d3a38a36f
836,0a1a5340-ad00-11e9-a2fc-000d3a38a36f
862,0a802bd6-1a95-11ea-98d5-000d3a38a36f
869,0ab4c6b4-ab2f-11e9-a2fc-000d3a38a36f
878,0ad69060-ae21-11e9-a2fc-000d3a38a36f
890,0afe8f20-b173-11e9-89fa-000d3a38a36f
900,0b168a06-af18-11e9-a2fc-000d3a38a36f
928,0b737a08-ae15-11e9-a2fc-000d3a38a36f
931,0b804820-7028-11ea-b40c-000d3a38a36f
945,0bb08a16-aca2-11e9-a2fc-000d3a38a36f
965,0bfe064e-f047-11ea-bde9-000d3a38a36f
981,0c303ca6-9e16-11e9-9897-000d3a38a36f
987,0c4459cc-2d66-11ea-827e-000d3a38a36f
991,0c5720da-a3db-11e9-a2fc-000d3a38a36f
1003,0c79b570-ac99-11e9-a2fc-000d3a38a36f
1013,0c958672-f273-11e9-9346-000d3a38a36f
1021,0cb22dc4-2331-11ea-8523-000d3a38a36f
1023,0cb6fdb2-ab00-11e9-a2fc-000d3a38a36f
1031,0cd3f0a6-5ba0-11ea-a0eb-000d3a38a36f
1036,0ceced88-00bc-11eb-8341-000d3a38a36f
1061,0d31dfe6-a18c-11e9-a2fc-000d3a38a36f
1066,0d4db91e-2ef4-11ea-8467-000d3a38a36f
1068,0d54e5e6-9de9-11e9-9897-000d3a38a36f
1090,0da99f9e-ad09-11e9-a2fc-000d3a38a36f
1104,0dca2b3a-9d8f-11e9-9897-000d3a38a36f
1140,0e34e260-27e4-11ea-a043-000d3a38a36f
1144,0e430d4e-a52c-11e9-a2fc-000d3a38a36f
1151,0e564fd2-d6f3-11e9-93bc-000d3a38a36f
1174,0e8c7b30-ac18-11e9-a2fc-000d3a38a36f
1180,0eb20300-adad-11e9-a2fc-000d3a38a36f
1198,0ef16940-a10b-11e9-a2fc-000d3a38a36f
1221,0f3fe932-c679-11ea-9bc9-000d3a38a36f
1227,0f522b7e-1edb-11ea-81ff-000d3a38a36f
1230,0f5e28ac-6e36-11ea-a8bb-000d3a38a36f
1237,0f684644-2853-11ea-b87a-000d3a38a36f
1252,0fa34bd2-a38c-11e9-a2fc-000d3a38a36f
1262,0fc6e4a4-9f98-11e9-a2fc-000d3a38a36f
1265,0fd0bccc-1199-11ea-846f-000d3a38a36f
1270,0fdb0040-a97c-11e9-a2fc-000d3a38a36f
1272,0fdf4ad8-9e46-11e9-9897-000d3a38a36f
1275,0fe4cc5a-7989-11ea-bf74-000d3a38a36f
1289,10199be8-7c9e-11ea-80af-000d3a38a36f
1295,102ed1aa-d817-11ea-aee7-000d3a38a36f
1302,1044d50a-abc6-11e9-a2fc-000d3a38a36f
1305,104b2874-da1f-11e9-93bc-000d3a38a36f
1319,1076e198-af9b-11e9-a2fc-000d3a38a36f
1345,10e1f13e-9f67-11e9-a2fc-000d3a38a36f
1348,10eafdec-1a9b-11ea-98d5-000d3a38a36f
1359,111a559c-b0d8-11e9-9757-000d3a38a36f
1363,112246aa-3182-11ea-b884-000d3a38a36f
1376,1148a72e-f102-11ea-bde9-000d3a38a36f
1404,1192e466-9f2c-11e9-9897-000d3a38a36f
1433,11f51fac-15ea-11ea-aa74-000d3a38a36f
1438,120c4322-adbb-11e9-a2fc-000d3a38a36f
1445,121ab022-d6ad-11e9-93bc-000d3a38a36f
1450,122c8e2c-1290-11ea-a001-000d3a38a36f
1466,125e788a-b1a9-11e9-89fa-000d3a38a36f
1479,127ce39e-5bed-11ea-aed3-000d3a38a36f
1493,129d25a6-b11f-11e9-9757-000d3a38a36f
1523,1300206e-acee-11e9-a2fc-000d3a38a36f
1540,13301c22-ddfb-11e9-957d-000d3a38a36f
1552,1349440e-9f4e-11e9-9897-000d3a38a36f
1557,135ba0d0-5bf6-11ea-b87f-000d3a38a36f
1566,137cc030-ac29-11e9-a2fc-000d3a38a36f
1585,13a9382a-33cf-11eb-9a15-000d3a38a36f
1591,13c43d92-b152-11e9-9757-000d3a38a36f
1598,13ec4a62-9d20-11e9-9897-000d3a38a36f
1601,13f7475a-ab71-11e9-a2fc-000d3a38a36f
1615,14183c10-afba-11e9-9757-000d3a38a36f
1652,147fa5d0-9e94-11e9-9897-000d3a38a36f
1683,1501c238-acf2-11e9-a2fc-000d3a38a36f
1690,15211302-51c7-11ea-a243-000d3a38a36f
1704,154b4894-1480-11eb-8ffc-000d3a38a36f
1718,1582a552-af76-11e9-a2fc-000d3a38a36f
1721,15876b38-9df5-11e9-9897-000d3a38a36f
1734,15afdfe6-3940-11ea-85d6-000d3a38a36f
1765,15fbbb50-25fe-11ea-8e1c-000d3a38a36f
1779,162ccec8-ae6d-11ea-b736-000d3a38a36f
1794,1660b47e-d621-11e9-93bc-000d3a38a36f
1814,16bd096a-b009-11e9-9757-000d3a38a36f
1852,17477990-1b68-11ea-9812-000d3a38a36f
1858,1754bde6-9d3a-11e9-9897-000d3a38a36f
1865,1768ceb8-ab58-11e9-a2fc-000d3a38a36f
1887,178eb626-cc15-11ea-b305-000d3a38a36f
1928,18263748-adb8-11e9-a2fc-000d3a38a36f
1959,1889a238-afcf-11e9-9757-000d3a38a36f
1972,18c2a054-a9e1-11e9-a2fc-000d3a38a36f
1981,18d5c388-ac06-11e9-a2fc-000d3a38a36f
2005,19286990-2054-11ea-87bf-000d3a38a36f
2015,19527882-9dfc-11e9-9897-000d3a38a36f
2038,19a95b7a-49d6-11eb-806e-000d3a38a36f
2039,19a9c11e-5bf2-11ea-8fe9-000d3a38a36f
2049,19ccfd06-1b05-11ea-98d5-000d3a38a36f
2055,19da8578-1a49-11ea-941b-000d3a38a36f
2070,1a224e76-5b12-11ea-ae42-000d3a38a36f
2097,1a709b46-b061-11e9-9757-000d3a38a36f
2107,1a8755bc-ae94-11e9-a2fc-000d3a38a36f
2140,1aea3726-f88c-11e9-b138-000d3a38a36f
2143,1af94fea-a5cb-11e9-a2fc-000d3a38a36f
2153,1b1246b4-a81c-11e9-a2fc-000d3a38a36f
2156,1b18df82-db11-11ea-83c6-000d3a38a36f
2162,1b2c27ea-a507-11e9-a2fc-000d3a38a36f
2163,1b2ed0b8-9f75-11e9-a2fc-000d3a38a36f
2170,1b454a88-a131-11e9-a2fc-000d3a38a36f
2181,1b62bc84-a47f-11e9-a2fc-000d3a38a36f
2196,1b931e60-a02d-11ea-9d0a-000d3a38a36f
2228,1bf7b914-af2a-11e9-a2fc-000d3a38a36f
2232,1c0561b0-af73-11e9-a2fc-000d3a38a36f
2243,1c2c48ea-f422-11e9-9346-000d3a38a36f
2266,1c7aecee-ede6-11e9-88c1-000d3a38a36f
2282,1c955302-b0d5-11e9-9757-000d3a38a36f
2294,1cbaf6ee-a800-11e9-a2fc-000d3a38a36f
2320,1cf56906-51aa-11ea-a243-000d3a38a36f
2324,1d033d3a-b090-11e9-9757-000d3a38a36f
2342,1d4daa28-b216-11e9-89fa-000d3a38a36f
2356,1d84198c-6bed-11ea-8792-000d3a38a36f
2358,1d896964-97df-11ea-9d91-000d3a38a36f
2361,1d955a66-a763-11e9-a2fc-000d3a38a36f
2363,1d97a6e2-a9c3-11e9-a2fc-000d3a38a36f
2368,1db10014-a51e-11e9-a2fc-000d3a38a36f
2374,1dd2a8a4-1efe-11ea-81ff-000d3a38a36f
2398,1e196dac-97d5-11ea-9d91-000d3a38a36f
2400,1e1e9600-a821-11e9-a2fc-000d3a38a36f
2432,1ea06886-b00c-11e9-9757-000d3a38a36f
2454,1eedb9c2-afc8-11e9-9757-000d3a38a36f
2462,1f01d4ec-3a1a-11eb-a48e-000d3a38a36f
2466,1f15a1cc-a56d-11e9-a2fc-000d3a38a36f
2475,1f448fe8-9d4e-11eb-9c47-000d3a38a36f
2496,1f8288c4-a9fe-11e9-a2fc-000d3a38a36f
2543,20049a86-5682-11ea-b9b9-000d3a38a36f
2575,20562140-22ec-11ea-8523-000d3a38a36f
2583,20673a4e-2ba1-11ea-853d-000d3a38a36f
2605,20a807ca-1d89-11ea-a490-000d3a38a36f
2615,20bfa842-2ad3-11ea-9d27-000d3a38a36f
2618,20c4565e-aa03-11e9-a2fc-000d3a38a36f
2637,20ffcbc2-f679-11e9-841e-000d3a38a36f
2645,21231ab8-b16f-11e9-89fa-000d3a38a36f
2660,215e3162-565a-11ea-b9b9-000d3a38a36f
2663,2162cf82-5b0b-11ea-b73b-000d3a38a36f
2677,218c0faa-a9a9-11e9-a2fc-000d3a38a36f
2696,21bed6aa-9d6b-11e9-9897-000d3a38a36f
2707,21e19c8e-a5a5-11e9-a2fc-000d3a38a36f
2718,2220cb56-b1a4-11e9-89fa-000d3a38a36f
2760,22a100d2-ab3c-11e9-a2fc-000d3a38a36f
2768,22d2758e-a463-11e9-a2fc-000d3a38a36f
2798,233e3162-d667-11e9-93bc-000d3a38a36f
2800,23447b7c-5b4f-11ea-8c16-000d3a38a36f
2806,234cbe70-ae86-11e9-a2fc-000d3a38a36f
2812,2363d892-f4e6-11ea-a533-000d3a38a36f
2824,238dfd14-7383-11ea-92d0-000d3a38a36f
2828,23a01d76-3ec3-11eb-806e-000d3a38a36f
2872,241cfda0-a0c7-11e9-a2fc-000d3a38a36f
2880,2447122a-abd0-11e9-a2fc-000d3a38a36f
2903,24908e2e-b07a-11e9-9757-000d3a38a36f
2913,24b35198-5b4c-11ea-9b73-000d3a38a36f
2929,24de1a42-b10e-11e9-9757-000d3a38a36f
2983,259e7756-b028-11e9-9757-000d3a38a36f
3013,260ac564-9d36-11e9-9897-000d3a38a36f
3018,261dcf14-5b05-11ea-865b-000d3a38a36f
3019,261e90f0-5bcf-11ea-841d-000d3a38a36f
3033,265c07b4-51ca-11ea-a243-000d3a38a36f
3039,2660d55a-ae5a-11e9-a2fc-000d3a38a36f
3042,2667cd84-98cd-11ea-b97a-000d3a38a36f
3047,2671de2e-2b4e-11ea-9d27-000d3a38a36f
3062,26b98662-3c55-11ea-b550-000d3a38a36f
3085,26ea9bb0-a756-11e9-a2fc-000d3a38a36f
3088,26f4a60c-bd24-11ea-aa61-000d3a38a36f
3090,26f74a9c-a506-11e9-a2fc-000d3a38a36f
3120,27449e02-aa40-11e9-a2fc-000d3a38a36f
3133,275c65ee-9fa2-11e9-a2fc-000d3a38a36f
3146,278f89da-ac3e-11e9-a2fc-000d3a38a36f
3148,27a56e70-5428-11ea-b1db-000d3a38a36f
3150,27a7e4d8-ac59-11e9-a2fc-000d3a38a36f
3168,27fe792c-ac97-11e9-a2fc-000d3a38a36f
3175,280ab51c-5b37-11ea-b0de-000d3a38a36f
3181,2818eb98-ab5e-11e9-a2fc-000d3a38a36f
3210,289b9174-a5d2-11e9-a2fc-000d3a38a36f
3218,28b10672-5288-11ea-8850-000d3a38a36f
3248,29070f2a-24cc-11ea-bf27-000d3a38a36f
3271,2951e736-abc1-11e9-a2fc-000d3a38a36f
3284,2979dad2-150d-11eb-8ffc-000d3a38a36f
3359,2a87e59e-a9a3-11e9-a2fc-000d3a38a36f
3361,2a90b3be-abdc-11e9-a2fc-000d3a38a36f
3362,2a930b5c-a7ca-11e9-a2fc-000d3a38a36f
3398,2b029388-a0e9-11e9-a2fc-000d3a38a36f
3415,2b39c50a-26dc-11ea-aaaa-000d3a38a36f
3426,2b5a405c-2837-11eb-8a9b-000d3a38a36f
3435,2b75741c-abd3-11e9-a2fc-000d3a38a36f
3467,2bd6a228-56a0-11ea-b9b9-000d3a38a36f
3492,2c41e072-9ec9-11e9-9897-000d3a38a36f
3534,2cd0ffe8-b0e2-11e9-9757-000d3a38a36f
3535,2cd8ebd8-af55-11e9-a2fc-000d3a38a36f
3543,2cea511a-b1a9-11e9-89fa-000d3a38a36f
3564,2d31201c-1c3a-11ea-a490-000d3a38a36f
3578,2d604734-3dbe-11ea-9e19-000d3a38a36f
3586,2d76a8a0-a2e9-11e9-a2fc-000d3a38a36f
3587,2d7e6662-ab09-11e9-a2fc-000d3a38a36f
3611,2ddc3dd2-b018-11e9-9757-000d3a38a36f
3619,2dfd23f2-aa88-11e9-a2fc-000d3a38a36f
3630,2e145178-a806-11e9-a2fc-000d3a38a36f
3650,2e407372-5bcd-11ea-8076-000d3a38a36f
3661,2e58306c-9e71-11e9-9897-000d3a38a36f
3677,2e83af92-d88e-11e9-93bc-000d3a38a36f
3686,2e9cb658-a94b-11e9-a2fc-000d3a38a36f
3712,2ee8230e-63fe-11ea-a6dc-000d3a38a36f
3714,2efb877a-614f-11ea-8dd8-000d3a38a36f
3721,2f1154b6-1dba-11ea-8bf2-000d3a38a36f
3727,2f1d82e6-b018-11e9-9757-000d3a38a36f
3732,2f289068-9f6b-11e9-a2fc-000d3a38a36f
3752,2f68a382-a9c1-11e9-a2fc-000d3a38a36f
3761,2f791abe-afb6-11e9-9757-000d3a38a36f
3785,2fc6b4d0-acf6-11e9-a2fc-000d3a38a36f
3805,2ffe075c-9f7f-11e9-a2fc-000d3a38a36f
3816,301afb72-9f83-11eb-9c47-000d3a38a36f
3819,30267bb8-5449-11ea-b1db-000d3a38a36f
3825,303f9d82-1a60-11ea-941b-000d3a38a36f
3830,3042cf12-a71e-11e9-a2fc-000d3a38a36f
3832,30450770-b144-11e9-9757-000d3a38a36f
3864,30bb1726-9744-11ea-a9c8-000d3a38a36f
3888,30fcd0b4-b14c-11e9-9757-000d3a38a36f
3890,30ff7284-b19b-11e9-89fa-000d3a38a36f
3903,312a147c-94a7-11ea-85df-000d3a38a36f
3906,313d8a08-6d23-11ea-84a8-000d3a38a36f
3917,3182b77a-ab7e-11e9-a2fc-000d3a38a36f
3946,31e47bd2-5645-11ea-b9b9-000d3a38a36f
3960,3214b088-a392-11e9-a2fc-000d3a38a36f
3961,321989bc-b15e-11e9-89fa-000d3a38a36f
3965,3227e180-735d-11ea-92d0-000d3a38a36f
3995,328d2030-1fda-11ea-87bf-000d3a38a36f
3998,3291013a-2ba3-11ea-853d-000d3a38a36f
4002,3299d118-afc8-11e9-9757-000d3a38a36f
4004,32a1ab00-f5e4-11ea-a533-000d3a38a36f
4006,32a2ea58-47a0-11ea-b6c0-000d3a38a36f
4017,32c4c122-858a-11eb-8c46-000d3a38a36f
4019,32d8307e-1d6a-11ea-a490-000d3a38a36f
4031,3302af88-1866-11ea-9213-000d3a38a36f
4042,3323f94e-3a81-11ea-85d6-000d3a38a36f
4077,33aaee82-5b41-11ea-9536-000d3a38a36f
4094,33f9313e-752f-11ea-b23f-000d3a38a36f
4123,34516584-5b44-11ea-b9fa-000d3a38a36f
4130,346229cc-a547-11e9-a2fc-000d3a38a36f
4132,346719dc-b104-11e9-9757-000d3a38a36f
4136,34785c50-abf1-11e9-a2fc-000d3a38a36f
4137,3480e4fa-a26a-11e9-a2fc-000d3a38a36f
4151,34a469d2-1b39-11ea-a050-000d3a38a36f
4152,34ab4518-5bc1-11ea-8d35-000d3a38a36f
4163,34c9bebc-acf3-11e9-a2fc-000d3a38a36f
4174,34e9218a-a0e6-11e9-a2fc-000d3a38a36f
4178,34fcb55a-a92a-11e9-a2fc-000d3a38a36f
4190,352b1a7c-a802-11e9-a2fc-000d3a38a36f
4198,353c3624-a59e-11e9-a2fc-000d3a38a36f
4228,35b63ac2-b11b-11e9-9757-000d3a38a36f
4241,35e21cae-a6d6-11e9-a2fc-000d3a38a36f
4251,35f6825c-aeb5-11e9-a2fc-000d3a38a36f
4263,3622b598-1d78-11ea-a490-000d3a38a36f
4268,3636dbd6-acd0-11e9-a2fc-000d3a38a36f
4271,363db4a8-b196-11ea-b736-000d3a38a36f
4314,36d31778-a9e5-11e9-a2fc-000d3a38a36f
4328,36ec83f2-563d-11ea-b9b9-000d3a38a36f
4331,36f78dcc-f13b-11e9-9346-000d3a38a36f
4332,36f7a1f8-aab0-11e9-a2fc-000d3a38a36f
4333,36f8ecb2-48f1-11eb-806e-000d3a38a36f
4343,37132e7c-5272-11ea-956d-000d3a38a36f
4360,375774bc-a89d-11e9-a2fc-000d3a38a36f
4367,37753730-9b69-11ea-a27a-000d3a38a36f
4377,3788f270-9e85-11e9-9897-000d3a38a36f
4388,37a076e4-5bdf-11ea-9b5b-000d3a38a36f
4419,37fab206-5b23-11ea-9628-000d3a38a36f
4428,380ddc7c-9d92-11e9-9897-000d3a38a36f
4440,3828407e-f429-11e9-9346-000d3a38a36f
4442,3838982a-1030-11ea-9f17-000d3a38a36f
4451,3857a35a-1bde-11ea-ac4f-000d3a38a36f
4452,3857f174-b177-11e9-89fa-000d3a38a36f
4474,389044c6-2827-11ea-a043-000d3a38a36f
4486,38b13a7e-aaa9-11e9-a2fc-000d3a38a36f
4490,38b56878-a0f0-11e9-a2fc-000d3a38a36f
4495,38bf8e82-a1dd-11e9-a2fc-000d3a38a36f
4500,38c47aa4-a9ef-11e9-a2fc-000d3a38a36f
4502,38c9274a-127f-11ea-a001-000d3a38a36f
4518,38f04aae-fcd2-11e9-a5e8-000d3a38a36f
4522,390b0ac8-af03-11e9-a2fc-000d3a38a36f
4541,39528bbe-eeae-11ea-bb5a-000d3a38a36f
4553,398d5b60-2552-11eb-a59b-000d3a38a36f
4561,39968112-a3d1-11e9-a2fc-000d3a38a36f
4567,39a01c88-a834-11e9-a2fc-000d3a38a36f
4579,39bd5818-acdd-11e9-a2fc-000d3a38a36f
4585,39daee0a-b1dd-11e9-89fa-000d3a38a36f
4601,3a1c5af4-5ec9-11ea-be5b-000d3a38a36f
4609,3a2ec412-42f6-11ea-8b43-000d3a38a36f
4610,3a2ede22-a1af-11e9-a2fc-000d3a38a36f
4615,3a33ddc0-fe32-11e9-a5e8-000d3a38a36f
4622,3a42773c-5421-11ea-b1db-000d3a38a36f
4633,3a66e68c-a726-11ea-bd63-000d3a38a36f
4635,3a6d462c-b171-11e9-89fa-000d3a38a36f
4646,3a987888-9dc1-11e9-9897-000d3a38a36f
4647,3a9b8aa4-adfd-11e9-a2fc-000d3a38a36f
4655,3aad77da-5f2f-11ea-be5b-000d3a38a36f
4658,3ab77b10-85de-11ea-a90b-000d3a38a36f
4669,3adfc65a-44df-11ea-acaf-000d3a38a36f
4694,3b294f52-9d5d-11e9-9897-000d3a38a36f
4697,3b3269d4-afb4-11e9-9757-000d3a38a36f
4707,3b572bd6-a5d5-11e9-a2fc-000d3a38a36f
4733,3bb0d8ce-aacc-11e9-a2fc-000d3a38a36f
4735,3bb32cfa-2f2e-11ea-8467-000d3a38a36f
4739,3bc2abda-9f8c-11e9-a2fc-000d3a38a36f
4742,3bc89de2-1f34-11ea-87bf-000d3a38a36f
4747,3bdf9d9e-2d94-11ea-8e71-000d3a38a36f
4762,3c090008-ad29-11e9-a2fc-000d3a38a36f
4779,3c2bf93e-aeda-11e9-a2fc-000d3a38a36f
4784,3c389b14-5bd5-11ea-948e-000d3a38a36f
4795,3c52cad8-1f59-11ea-87bf-000d3a38a36f
4810,3c93895c-ab59-11e9-a2fc-000d3a38a36f
4825,3cd8715a-afc5-11e9-9757-000d3a38a36f
4834,3cec9dca-abc3-11e9-a2fc-000d3a38a36f
4856,3d2ff27e-ab3b-11e9-a2fc-000d3a38a36f
4929,3e3cc548-a942-11e9-a2fc-000d3a38a36f
4938,3e4e70fe-13e1-11ea-a001-000d3a38a36f
4969,3ed25996-edfd-11e9-9346-000d3a38a36f
4979,3ef6d7f6-1db6-11ea-8bf2-000d3a38a36f
5002,3f408e78-1262-11ea-a001-000d3a38a36f
5004,3f49cca8-fe22-11e9-a5e8-000d3a38a36f
5016,3f770230-a919-11e9-a2fc-000d3a38a36f
5024,3f93161a-26d0-11eb-8a9b-000d3a38a36f
5029,3fa416d6-9d79-11e9-9897-000d3a38a36f
5044,3fecbd3c-a59e-11e9-a2fc-000d3a38a36f
5085,409ed1f2-ab52-11e9-a2fc-000d3a38a36f
5086,409f9a4c-9e2d-11e9-9897-000d3a38a36f
5088,40b4f318-9dfb-11eb-9c47-000d3a38a36f
5097,40c8bd74-9f5d-11e9-a2fc-000d3a38a36f
5107,40dda43a-2060-11ea-87bf-000d3a38a36f
5157,415e400e-76a5-11ea-b23f-000d3a38a36f
5163,41761074-a8d5-11e9-a2fc-000d3a38a36f
5169,41850336-ff29-11e9-a5e8-000d3a38a36f
5191,41e0f9a2-e5ed-11e9-ad00-000d3a38a36f
5229,42681860-18d3-11ea-9213-000d3a38a36f
5232,426b497e-f149-11e9-9346-000d3a38a36f
5262,42dd039c-a884-11e9-a2fc-000d3a38a36f
5276,4310677e-a5db-11e9-a2fc-000d3a38a36f
5285,43310aa4-ac27-11e9-a2fc-000d3a38a36f
5300,436ed710-acc4-11e9-a2fc-000d3a38a36f
5309,43a9c5be-9d42-11e9-9897-000d3a38a36f
5328,4405ac2c-fefd-11e9-a5e8-000d3a38a36f
5337,4419930e-a539-11e9-a2fc-000d3a38a36f
5347,444219b6-f140-11e9-9346-000d3a38a36f
5382,44d032ee-a0d4-11e9-a2fc-000d3a38a36f
5383,44d12e68-d72c-11e9-93bc-000d3a38a36f
5397,44fc9a30-2100-11ea-b50a-000d3a38a36f
5408,451d6a4e-265a-11ea-b9a0-000d3a38a36f
5415,45389172-869d-11ea-b356-000d3a38a36f
5431,4566f7a4-2ff1-11ea-bb80-000d3a38a36f
5444,459876ae-9f31-11e9-9897-000d3a38a36f
5455,45b1333c-48e2-11ea-b6c0-000d3a38a36f
5459,45bd5a58-8cae-11ea-8f41-000d3a38a36f
5471,45ee21b0-60c6-11ea-8dd8-000d3a38a36f
5489,4638649a-a817-11e9-a2fc-000d3a38a36f
5490,463869d8-a2ed-11e9-a2fc-000d3a38a36f
5506,465e7b62-63c9-11ea-a6dc-000d3a38a36f
5510,466dc53c-a5a0-11e9-a2fc-000d3a38a36f
5549,46d36ca0-ab60-11e9-a2fc-000d3a38a36f
5560,46fdb554-a5c1-11e9-a2fc-000d3a38a36f
5565,471cec4e-9f5e-11e9-a2fc-000d3a38a36f
5595,4777754a-39d4-11ea-85d6-000d3a38a36f
5609,47b3acdc-25d8-11ea-8e1c-000d3a38a36f
5649,481e8172-4ea7-11ea-99ba-000d3a38a36f
5652,482822d8-5b2a-11ea-9ee1-000d3a38a36f
5655,482d6370-a74c-11e9-a2fc-000d3a38a36f
5656,482e2264-ad0b-11e9-a2fc-000d3a38a36f
5659,483277a0-8d49-11ea-8f41-000d3a38a36f
5661,4836111c-a41a-11e9-a2fc-000d3a38a36f
5663,48398c5e-aed1-11e9-a2fc-000d3a38a36f
5677,4864632c-441f-11eb-806e-000d3a38a36f
5681,486f3954-11b8-11ea-af12-000d3a38a36f
5706,48bb5e4e-b162-11e9-89fa-000d3a38a36f
5722,48f611a8-a77e-11e9-a2fc-000d3a38a36f
5723,48f78944-b178-11e9-89fa-000d3a38a36f
5757,497cee84-5e54-11ea-be5b-000d3a38a36f
5798,4a11a4aa-aede-11e9-a2fc-000d3a38a36f
5822,4a51668a-a155-11e9-a2fc-000d3a38a36f
5855,4ad76d3a-a302-11e9-a2fc-000d3a38a36f
5863,4af21a1e-d696-11e9-93bc-000d3a38a36f
5893,4b589dda-2582-11ea-b1c8-000d3a38a36f
5916,4baf9b1e-b0cd-11e9-9757-000d3a38a36f
5917,4bb06236-9eea-11ea-80cd-000d3a38a36f
5924,4bd60b50-195f-11ea-b6a2-000d3a38a36f
5938,4bfa8e98-2405-11ea-8523-000d3a38a36f
5949,4c2a7404-b0ac-11e9-9757-000d3a38a36f
5951,4c333174-2d85-11ea-9ae7-000d3a38a36f
5955,4c36e188-7e7b-11ea-80af-000d3a38a36f
5983,4c79fca4-5bc4-11ea-9e92-000d3a38a36f
6005,4ccd389c-5b2e-11ea-8f99-000d3a38a36f
6017,4cdde676-ad5d-11e9-a2fc-000d3a38a36f
6024,4d100e38-d672-11e9-93bc-000d3a38a36f
6027,4d1490c4-9e42-11e9-9897-000d3a38a36f
6037,4d3d66c0-2033-11ea-87bf-000d3a38a36f
6038,4d41bf44-a8f2-11e9-a2fc-000d3a38a36f
6049,4d642536-a931-11e9-a2fc-000d3a38a36f
6062,4d91fdc8-1194-11ea-846f-000d3a38a36f
6070,4dac5fa4-b0de-11e9-9757-000d3a38a36f
6088,4de5d6cc-5448-11ea-b1db-000d3a38a36f
6090,4de9d44c-a38c-11e9-a2fc-000d3a38a36f
6092,4df1473a-b107-11e9-9757-000d3a38a36f
6119,4e3d52ca-f292-11e9-9346-000d3a38a36f
6146,4eab7f5e-3c73-11ea-b550-000d3a38a36f
6168,4eddffb6-a221-11e9-a2fc-000d3a38a36f
6182,4f01168c-b147-11ea-b736-000d3a38a36f
6217,4f717b4e-a18e-11e9-a2fc-000d3a38a36f
6233,4f9eb946-1eb7-11ea-aa32-000d3a38a36f
6240,4fae05dc-0089-11ea-a5e8-000d3a38a36f
6243,4fb4d678-5bc4-11ea-94d2-000d3a38a36f
6253,4fcfbc1e-1884-11ea-9213-000d3a38a36f
6258,4fdda478-a331-11e9-a2fc-000d3a38a36f
6273,5019ec56-b0df-11e9-9757-000d3a38a36f
6283,503fb8ce-1fb5-11ea-87bf-000d3a38a36f
6305,507b2252-1338-11eb-8ffc-000d3a38a36f
6307,5082049e-9d7f-11e9-9897-000d3a38a36f
6323,50c6f14a-9fae-11e9-a2fc-000d3a38a36f
6336,510917b0-ac28-11e9-a2fc-000d3a38a36f
6372,51866a2a-1a10-11ea-941b-000d3a38a36f
6376,51934bc4-a796-11e9-a2fc-000d3a38a36f
6379,519a38f0-a14f-11e9-a2fc-000d3a38a36f
6411,51f9d89a-9da9-11e9-9897-000d3a38a36f
6419,520c1728-a5cc-11e9-a2fc-000d3a38a36f
6448,526aa60c-23c7-11ea-8523-000d3a38a36f
6461,52a27a9a-afbf-11e9-9757-000d3a38a36f
6463,52afe104-2ac0-11ea-b3a7-000d3a38a36f
6478,52cf7746-fe68-11e9-a5e8-000d3a38a36f
6482,52e86974-650e-11ea-bac7-000d3a38a36f
6498,5315f178-2273-11eb-99f8-000d3a38a36f
6508,533d69dc-b150-11e9-9757-000d3a38a36f
6520,53669f58-49c7-11eb-806e-000d3a38a36f
6522,5369393e-3608-11eb-9a15-000d3a38a36f
6527,537aecf6-aeb9-11e9-a2fc-000d3a38a36f
6538,53ad49fa-5b3c-11ea-86b9-000d3a38a36f
6541,53b403ea-a7bd-11e9-a2fc-000d3a38a36f
6545,53bb6066-ac3d-11e9-a2fc-000d3a38a36f
6553,53ed1100-b0df-11e9-9757-000d3a38a36f
6555,53ef31ec-afc2-11e9-9757-000d3a38a36f
6585,54411cea-5bda-11ea-a8f8-000d3a38a36f
6587,5447fa66-a130-11e9-a2fc-000d3a38a36f
6613,54a8a418-4222-11ea-96d9-000d3a38a36f
6623,54d09a50-a393-11e9-a2fc-000d3a38a36f
6629,54e3e486-a56c-11e9-a2fc-000d3a38a36f
6640,54ff329e-a5cc-11e9-a2fc-000d3a38a36f
6647,5509977c-5bf0-11ea-b939-000d3a38a36f
6673,5552c7a2-488c-11ea-b6c0-000d3a38a36f
6674,5556debe-2be5-11ea-91ab-000d3a38a36f
6685,5571e846-a6e1-11e9-a2fc-000d3a38a36f
6695,559c76c4-ae61-11e9-a2fc-000d3a38a36f
6699,55abf41a-9f1f-11e9-9897-000d3a38a36f
6707,55d54d9e-8ac7-11ea-8ec0-000d3a38a36f
6712,55ea943e-1efb-11ea-81ff-000d3a38a36f
6746,5651a28a-ad06-11e9-a2fc-000d3a38a36f
6758,56846226-af66-11e9-a2fc-000d3a38a36f
6794,56ecb83a-a390-11e9-a2fc-000d3a38a36f
6802,5706111e-ab69-11e9-a2fc-000d3a38a36f
6803,570850ac-a57c-11e9-a2fc-000d3a38a36f
6820,5740f974-abea-11e9-a2fc-000d3a38a36f
6852,579a68be-2558-11ea-b1c8-000d3a38a36f
6856,57b223d0-215e-11ea-9618-000d3a38a36f
6863,57c78fc8-abfb-11e9-a2fc-000d3a38a36f
6869,57cfac0e-ac4a-11e9-a2fc-000d3a38a36f
6874,57eb19a8-aaf6-11e9-a2fc-000d3a38a36f
6890,58093938-ddc3-11e9-a848-000d3a38a36f
6897,58158df0-a4b6-11e9-a2fc-000d3a38a36f
6917,5867f2a0-d717-11e9-93bc-000d3a38a36f
6930,5896b764-a5af-11e9-a2fc-000d3a38a36f
6947,58e92576-a979-11e9-a2fc-000d3a38a36f
6952,58fc9102-aa22-11e9-a2fc-000d3a38a36f
6961,5926f210-a943-11e9-a2fc-000d3a38a36f
6992,597f1de8-a833-11e9-a2fc-000d3a38a36f
6999,598b2ef6-b019-11e9-9757-000d3a38a36f
7018,59b132bc-a714-11e9-a2fc-000d3a38a36f
7022,59bbcc44-9805-11ea-9d91-000d3a38a36f
7029,59e7a402-a8cf-11e9-a2fc-000d3a38a36f
7035,59f1fdbe-ae63-11e9-a2fc-000d3a38a36f
7049,5a1117f4-204a-11ea-87bf-000d3a38a36f
7091,5a9f7a2a-2f72-11eb-9c24-000d3a38a36f
7103,5ad03fde-b0f2-11e9-9757-000d3a38a36f
7174,5bc97abc-ac0c-11e9-a2fc-000d3a38a36f
7190,5c0852e6-2240-11ea-8523-000d3a38a36f
7191,5c0c1e28-3972-11ea-85d6-000d3a38a36f
7201,5c1f0280-2ae6-11ea-9d27-000d3a38a36f
7204,5c2a5a1c-aa77-11e9-a2fc-000d3a38a36f
7205,5c2fa1e4-9bfc-11ea-a27a-000d3a38a36f
7223,5c641c48-ffef-11e9-a5e8-000d3a38a36f
7225,5c6681b6-490b-11eb-806e-000d3a38a36f
7230,5c6f3a24-5b20-11ea-9a9d-000d3a38a36f
7234,5c79e69c-5425-11ea-b1db-000d3a38a36f
7241,5c996ae8-a40e-11e9-a2fc-000d3a38a36f
7242,5c9dc808-a2ca-11e9-a2fc-000d3a38a36f
7301,5d46292e-ac54-11e9-a2fc-000d3a38a36f
7302,5d46412e-2018-11ea-87bf-000d3a38a36f
7314,5d701afc-5f7f-11ea-be5b-000d3a38a36f
7350,5dc3f584-5b40-11ea-b3c7-000d3a38a36f
7353,5dd49718-0185-11eb-9c30-000d3a38a36f
7362,5de33d22-edfe-11e9-9346-000d3a38a36f
7374,5e001e54-aa8a-11e9-a2fc-000d3a38a36f
7389,5e33f644-a714-11e9-a2fc-000d3a38a36f
7412,5e83b242-a985-11e9-a2fc-000d3a38a36f
7426,5eab1440-74fa-11ea-bb48-000d3a38a36f
7479,5f4707f4-a289-11e9-a2fc-000d3a38a36f
7561,605353ec-2b9f-11ea-853d-000d3a38a36f
7598,60bf479e-2769-11ea-aaaa-000d3a38a36f
7612,60ef4524-72f1-11ea-92d0-000d3a38a36f
7616,60fbd5f8-5b06-11ea-ae34-000d3a38a36f
7628,611c0638-a76b-11e9-a2fc-000d3a38a36f
7671,61b39188-ad65-11e9-a2fc-000d3a38a36f
7677,61cd9bc6-a2ea-11e9-a2fc-000d3a38a36f
7690,61fe7e54-a9a6-11e9-a2fc-000d3a38a36f
7699,621f5018-ab75-11e9-a2fc-000d3a38a36f
7712,625a6ab6-a7e9-11e9-a2fc-000d3a38a36f
7730,62b1ec2c-63ec-11ea-a6dc-000d3a38a36f
7734,62b46e06-a412-11e9-a2fc-000d3a38a36f
7754,62eb2e18-2b54-11ea-9d27-000d3a38a36f
7786,63620742-f11e-11e9-9346-000d3a38a36f
7793,637759a2-48db-11ea-b6c0-000d3a38a36f
7803,6385c3ea-d679-11e9-93bc-000d3a38a36f
7804,638b5d80-3f94-11ea-aa6b-000d3a38a36f
7820,63caf5e4-e3be-11e9-ad00-000d3a38a36f
7824,63cf7fa4-a9b9-11e9-a2fc-000d3a38a36f
7849,642607c4-b045-11e9-9757-000d3a38a36f
7879,647bc284-ffa2-11e9-a5e8-000d3a38a36f
7901,64cde26e-a36b-11e9-a2fc-000d3a38a36f
7918,64fe5f7e-4b41-11ea-a626-000d3a38a36f
7926,65171022-01e5-11eb-9c30-000d3a38a36f
7932,653a4324-9de3-11e9-9897-000d3a38a36f
7953,6574c60a-9d4f-11e9-9897-000d3a38a36f
7960,657f02ae-a5ac-11e9-a2fc-000d3a38a36f
7995,65f2cfbc-1e61-11ea-8bf2-000d3a38a36f
8005,661cbdc6-ae14-11e9-a2fc-000d3a38a36f
8020,665b0970-97ff-11ea-9d91-000d3a38a36f
8025,666476a6-1a8a-11ea-98d5-000d3a38a36f
8027,666abec6-9e84-11e9-9897-000d3a38a36f
8035,667a10cc-4fa2-11ea-99ba-000d3a38a36f
8040,668744e4-a45e-11e9-a2fc-000d3a38a36f
8072,66f0f45e-a8df-11e9-a2fc-000d3a38a36f
8083,670ef818-b083-11e9-9757-000d3a38a36f
8088,6716783e-b148-11e9-9757-000d3a38a36f
8098,6731d65c-ad82-11e9-a2fc-000d3a38a36f
8130,6787675c-9e05-11e9-9897-000d3a38a36f
8146,67a9a2e8-53dd-11ea-94d4-000d3a38a36f
8162,67d758f2-976a-11ea-a9c8-000d3a38a36f
8163,67d96a5c-d663-11e9-93bc-000d3a38a36f
8166,67e6f2f0-a89e-11e9-a2fc-000d3a38a36f
8168,67e96bfa-0033-11eb-8341-000d3a38a36f
8170,67ef8ca8-9e80-11e9-9897-000d3a38a36f
8178,6804e0ca-2234-11ea-8523-000d3a38a36f
8187,682bc334-4f61-11ea-99ba-000d3a38a36f
8207,6865e832-13a4-11ea-a001-000d3a38a36f
8225,68a7a78c-9d97-11e9-9897-000d3a38a36f
8275,692dffb0-a582-11e9-a2fc-000d3a38a36f
8278,6937d100-aa48-11e9-a2fc-000d3a38a36f
8282,69444d36-9f99-11e9-a2fc-000d3a38a36f
8287,69584222-ee0a-11e9-9346-000d3a38a36f
8288,695889b4-d6ed-11e9-93bc-000d3a38a36f
8289,6959072c-9d59-11e9-9897-000d3a38a36f
8292,69604d0e-b02b-11e9-9757-000d3a38a36f
8296,6968d43e-a9cc-11e9-a2fc-000d3a38a36f
8316,69b0bd72-5bb4-11ea-bcf0-000d3a38a36f
8320,69bfebe0-ad58-11e9-a2fc-000d3a38a36f
8336,69f4f41c-af73-11e9-a2fc-000d3a38a36f
8338,69f70c0c-9e2a-11e9-9897-000d3a38a36f
8346,6a0ea184-7af4-11eb-8460-000d3a38a36f
8347,6a113df0-231f-11ea-8523-000d3a38a36f
8365,6a42ef94-a269-11e9-a2fc-000d3a38a36f
8381,6a7aceaa-f35e-11e9-9346-000d3a38a36f
8386,6a8e54bc-abdc-11e9-a2fc-000d3a38a36f
8391,6a9f5686-a407-11e9-a2fc-000d3a38a36f
8419,6b05a082-d60a-11e9-93bc-000d3a38a36f
8443,6b64c6fc-d6f0-11e9-93bc-000d3a38a36f
8448,6b6ea760-a5a1-11e9-a2fc-000d3a38a36f
8468,6bbfa164-4cb4-11ea-a626-000d3a38a36f
8476,6bd35850-aab4-11e9-a2fc-000d3a38a36f
8514,6c56107c-b14b-11e9-9757-000d3a38a36f
8518,6c69a266-ddc6-11e9-a848-000d3a38a36f
8528,6c886f38-aeec-11e9-a2fc-000d3a38a36f
8545,6cbfe518-b17a-11e9-89fa-000d3a38a36f
8567,6cf9dace-e2cc-11e9-ad00-000d3a38a36f
8569,6d070584-abe8-11e9-a2fc-000d3a38a36f
8600,6d74225a-f11f-11e9-9346-000d3a38a36f
8641,6e007c3e-403c-11ea-aa6b-000d3a38a36f
8654,6e37fbe2-a265-11ea-9c18-000d3a38a36f
8656,6e46e5ce-b019-11e9-9757-000d3a38a36f
8666,6e59fc84-a800-11e9-a2fc-000d3a38a36f
8678,6e82d5c0-ad2b-11e9-a2fc-000d3a38a36f
8695,6ec5737a-a2eb-11e9-a2fc-000d3a38a36f
8699,6ecfce20-b0dc-11e9-9757-000d3a38a36f
8707,6ee8750a-a54d-11e9-a2fc-000d3a38a36f
8744,6f64713e-9df8-11e9-9897-000d3a38a36f
8790,702ca6b2-9ebc-11e9-9897-000d3a38a36f
8802,70533a9a-2d9e-11ea-8e71-000d3a38a36f
8812,7077a864-5b46-11ea-b636-000d3a38a36f
8813,707de628-a89c-11e9-a2fc-000d3a38a36f
8827,70ac03c0-9e2c-11e9-9897-000d3a38a36f
8836,70d34b80-a7e4-11e9-a2fc-000d3a38a36f
8856,7109ffde-1ac8-11ea-98d5-000d3a38a36f
8867,7133cc8a-ad43-11e9-a2fc-000d3a38a36f
8869,7137a5c0-7aad-11ea-8f20-000d3a38a36f
8896,7197e050-fd7d-11e9-a5e8-000d3a38a36f
8899,71a4b182-51d7-11ea-a243-000d3a38a36f
8911,71d5b5e4-a8e9-11e9-a2fc-000d3a38a36f
8933,720c3a58-ad51-11e9-a2fc-000d3a38a36f
8935,72163208-b19b-11e9-89fa-000d3a38a36f
8936,72250ca8-545f-11ea-b1db-000d3a38a36f
8937,72310a9e-408c-11ea-9be8-000d3a38a36f
8941,723b9146-9f77-11e9-a2fc-000d3a38a36f
8946,724e85c0-a77f-11e9-a2fc-000d3a38a36f
8947,72509f14-7dac-11ea-80af-000d3a38a36f
8954,7277e3b0-b031-11e9-9757-000d3a38a36f
8955,72782922-aa84-11e9-a2fc-000d3a38a36f
8999,72e4bace-a598-11e9-a2fc-000d3a38a36f
9007,72fd7dea-ac7b-11e9-a2fc-000d3a38a36f
9008,72ff9f7a-a1c3-11e9-a2fc-000d3a38a36f
9010,7302f480-672f-11eb-975c-000d3a38a36f
9022,733488a4-afcc-11e9-9757-000d3a38a36f
9045,738506a0-b060-11e9-9757-000d3a38a36f
9046,73853dc2-a247-11e9-a2fc-000d3a38a36f
9047,7385e7b6-a5e1-11e9-a2fc-000d3a38a36f
9069,73d4ad1c-ce7e-11ea-a8f0-000d3a38a36f
9084,74036ea8-5b39-11ea-a7e2-000d3a38a36f
9103,74342d10-a2b9-11e9-a2fc-000d3a38a36f
9113,74556848-ab1c-11e9-a2fc-000d3a38a36f
9129,747ff742-a929-11e9-a2fc-000d3a38a36f
9139,74a5a56c-5b46-11ea-8f90-000d3a38a36f
9185,75383b90-a1ea-11e9-a2fc-000d3a38a36f
9192,7555f89e-6b7d-11ea-9c62-000d3a38a36f
9203,757f6bac-5647-11ea-b9b9-000d3a38a36f
9221,75bc0a4a-a840-11e9-a2fc-000d3a38a36f
9230,75e60be0-5b24-11eb-8dbd-000d3a38a36f
9232,75f46c36-52eb-11ea-9ade-000d3a38a36f
9244,76108eea-a790-11e9-a2fc-000d3a38a36f
9247,76195da6-b05d-11e9-9757-000d3a38a36f
9259,76495924-9799-11ea-a9c8-000d3a38a36f
9319,77138e02-b044-11e9-9757-000d3a38a36f
9328,77203218-1dce-11ea-8bf2-000d3a38a36f
9333,77420f60-d89a-11e9-93bc-000d3a38a36f
9368,77be273a-b063-11e9-9757-000d3a38a36f
9380,77e66e92-31fa-11eb-860c-000d3a38a36f
9384,77ef67cc-d6f2-11e9-93bc-000d3a38a36f
9385,77f216e4-b21f-11ea-b736-000d3a38a36f
9388,77f2a668-a94c-11e9-a2fc-000d3a38a36f
9395,77ffd064-309b-11ea-a6ce-000d3a38a36f
9402,781743fe-9fb2-11e9-a2fc-000d3a38a36f
9405,781be81c-9e9c-11e9-9897-000d3a38a36f
9406,781c2436-a91d-11e9-a2fc-000d3a38a36f
9421,78438e0a-b05b-11e9-9757-000d3a38a36f
9426,784a3fb8-a55a-11e9-a2fc-000d3a38a36f
9444,7870a390-1f19-11ea-87bf-000d3a38a36f
9459,78af54bc-a7a7-11e9-a2fc-000d3a38a36f
9500,79734086-a453-11e9-a2fc-000d3a38a36f
9508,79920376-d6db-11e9-93bc-000d3a38a36f
9512,799e1f8e-1c05-11ea-ac4f-000d3a38a36f
9533,79efbbe4-5082-11ea-99ba-000d3a38a36f
9537,79fae9b0-b04b-11e9-9757-000d3a38a36f
9549,7a2f811c-9df8-11e9-9897-000d3a38a36f
9552,7a41095a-ab72-11e9-a2fc-000d3a38a36f
9553,7a444f6c-11ec-11ea-916f-000d3a38a36f
9563,7a5d478a-52f9-11ea-9ade-000d3a38a36f
9581,7aaca06c-b120-11e9-9757-000d3a38a36f
9593,7ad2e0b8-afba-11e9-9757-000d3a38a36f
9596,7adadefc-a96c-11e9-a2fc-000d3a38a36f
9604,7af5cd16-b100-11e9-9757-000d3a38a36f
9617,7b1a342c-a551-11e9-a2fc-000d3a38a36f
9618,7b1a4b3a-ddda-11e9-a848-000d3a38a36f
9623,7b2c2e38-a557-11e9-a2fc-000d3a38a36f
9624,7b2ca882-e13d-11e9-957d-000d3a38a36f
9638,7b54d056-ae60-11e9-a2fc-000d3a38a36f
9641,7b611f70-affd-11e9-9757-000d3a38a36f
9659,7b8919f2-a5d6-11e9-a2fc-000d3a38a36f
9667,7b9bf61a-9f4d-11e9-9897-000d3a38a36f
9678,7bb19f04-97f6-11ea-9d91-000d3a38a36f
9680,7bb4c782-a450-11e9-a2fc-000d3a38a36f
9683,7bbf29ea-a7f5-11e9-a2fc-000d3a38a36f
9690,7bdc9cdc-d70c-11e9-93bc-000d3a38a36f
9706,7c088fe8-f29d-11e9-9346-000d3a38a36f
9709,7c1157f2-b122-11e9-9757-000d3a38a36f
9717,7c2b8b24-b085-11e9-9757-000d3a38a36f
9720,7c353262-aebb-11e9-a2fc-000d3a38a36f
9735,7c6746b0-950d-11ea-85df-000d3a38a36f
9781,7ce522d2-24fc-11ea-bf27-000d3a38a36f
9797,7d2029ba-5457-11ea-b1db-000d3a38a36f
9835,7dac0cb2-a4be-11e9-a2fc-000d3a38a36f
9868,7e10b500-5b0b-11ea-9b03-000d3a38a36f
9874,7e1b5ed2-a7fc-11e9-a2fc-000d3a38a36f
9877,7e215c00-ae51-11e9-a2fc-000d3a38a36f
9880,7e2d8b8e-ace3-11e9-a2fc-000d3a38a36f
9882,7e32b1f8-f807-11e9-b138-000d3a38a36f
9885,7e48e2f8-aa22-11e9-a2fc-000d3a38a36f
9919,7ea15bc0-190f-11ea-9213-000d3a38a36f
9932,7ebb5b98-b121-11e9-9757-000d3a38a36f
9936,7ec49e98-afc2-11e9-9757-000d3a38a36f
9937,7ec4e564-ae83-11e9-a2fc-000d3a38a36f
9950,7eeaf4ca-ae29-11e9-a2fc-000d3a38a36f
9957,7f066cce-1174-11ea-9f3a-000d3a38a36f
9963,7f1bb384-a2b8-11e9-a2fc-000d3a38a36f
9972,7f34b724-a134-11e9-a2fc-000d3a38a36f
9983,7f63a12a-7c34-11ea-80af-000d3a38a36f
9987,7f7016de-fd8c-11e9-a5e8-000d3a38a36f
9990,7f7c32da-a9fd-11e9-a2fc-000d3a38a36f
10006,7fa47f2a-5bc7-11ea-84c2-000d3a38a36f
10010,7fac1566-ab3f-11e9-a2fc-000d3a38a36f
10014,7fb0bc42-6741-11ea-9d38-000d3a38a36f
10020,7fc1300e-a766-11e9-a2fc-000d3a38a36f
10042,8001523e-5b0b-11ea-be1f-000d3a38a36f
10068,8045e480-88c4-11ea-9c02-000d3a38a36f
10080,80628978-a8e6-11e9-a2fc-000d3a38a36f
10081,806572e8-709e-11ea-95d1-000d3a38a36f
10087,8075bf0a-a6c2-11e9-a2fc-000d3a38a36f
10093,808c84ba-21f6-11ea-ba6f-000d3a38a36f
10103,80a2f0c6-1da8-11ea-8bf2-000d3a38a36f
10111,80bcfd1c-372a-11eb-a48e-000d3a38a36f
10112,80bf9e5a-a77f-11e9-a2fc-000d3a38a36f
10120,80c8cffe-ff16-11e9-a5e8-000d3a38a36f
10126,80e167dc-a74e-11e9-a2fc-000d3a38a36f
10137,8102a860-d639-11e9-93bc-000d3a38a36f
10145,812d405a-9e28-11e9-9897-000d3a38a36f
10154,8172a84a-94c0-11ea-85df-000d3a38a36f
10157,817a9e1a-c9d1-11ea-a31e-000d3a38a36f
10174,81a71b92-a5d9-11e9-a2fc-000d3a38a36f
10182,81bd47a0-7e96-11ea-80af-000d3a38a36f
10211,8212d320-b009-11e9-9757-000d3a38a36f
10224,8243e2ba-ad59-11e9-a2fc-000d3a38a36f
10225,8244851a-6bcd-11eb-b5d7-000d3a38a36f
10228,825cc0fe-e388-11e9-ad00-000d3a38a36f
10229,825e6b00-ab40-11e9-a2fc-000d3a38a36f
10241,8288984e-a56e-11e9-a2fc-000d3a38a36f
10250,82a1351a-a772-11e9-a2fc-000d3a38a36f
10251,82a35306-a55e-11e9-a2fc-000d3a38a36f
10258,82bd3c18-b0f2-11e9-9757-000d3a38a36f
10261,82c89374-b160-11e9-89fa-000d3a38a36f
10262,82cd2610-acb4-11e9-a2fc-000d3a38a36f
10286,8318a24e-b0dc-11e9-9757-000d3a38a36f
10326,8397ccd8-a1bc-11e9-a2fc-000d3a38a36f
10329,839cda76-5417-11ea-b1db-000d3a38a36f
10343,83c609a6-af52-11e9-a2fc-000d3a38a36f
10352,83f320f0-a7ed-11ea-bd63-000d3a38a36f
10404,84a591a2-af66-11e9-a2fc-000d3a38a36f
10413,84c2ad42-aea2-11e9-a2fc-000d3a38a36f
10418,84caa0f4-b0bb-11e9-9757-000d3a38a36f
10420,84cdb75a-f5b5-11e9-841e-000d3a38a36f
10468,85691bfa-a56a-11e9-a2fc-000d3a38a36f
10486,859bef06-ac24-11e9-a2fc-000d3a38a36f
10487,859e230a-b02c-11e9-9757-000d3a38a36f
10494,85c114a2-2a5a-11ea-99b3-000d3a38a36f
10497,85cc7420-5ba9-11ea-83ff-000d3a38a36f
10528,862fe708-b096-11e9-9757-000d3a38a36f
10533,86393c5c-beb6-11ea-958c-000d3a38a36f
10547,866a94b2-abd1-11e9-a2fc-000d3a38a36f
10548,866d227a-b097-11e9-9757-000d3a38a36f
10558,86880a54-710d-11ea-ad37-000d3a38a36f
10566,869f91a0-dfa0-11e9-957d-000d3a38a36f
10578,86d10b08-6547-11eb-add3-000d3a38a36f
10580,86d1cdde-2260-11ea-8523-000d3a38a36f
10581,86d30a68-27ca-11ea-aaaa-000d3a38a36f
10599,871ab026-467d-11ea-b6c0-000d3a38a36f
10601,872179fa-ff25-11e9-a5e8-000d3a38a36f
10607,87367058-9dd2-11e9-9897-000d3a38a36f
10642,87c87aaa-d696-11e9-93bc-000d3a38a36f
10662,87e7d5ee-9f37-11e9-9897-000d3a38a36f
10678,8826faf6-a4c5-11e9-a2fc-000d3a38a36f
10679,88292512-9ee2-11e9-9897-000d3a38a36f
10695,885ba966-f8e6-11e9-b138-000d3a38a36f
10714,8898b5ac-b0a9-11e9-9757-000d3a38a36f
10724,88c9e1fe-b45e-11ea-96bf-000d3a38a36f
10734,88d8db8c-f753-11e9-841e-000d3a38a36f
10766,895b8e74-aec4-11e9-a2fc-000d3a38a36f
10770,896168e2-6f5f-11ea-b40c-000d3a38a36f
10774,8969abe6-f7c9-11e9-841e-000d3a38a36f
10776,896c1534-a50d-11e9-a2fc-000d3a38a36f
10786,897cb8d6-235b-11ea-8523-000d3a38a36f
10788,898380ea-e1e7-11e9-957d-000d3a38a36f
10812,89dbaf64-2985-11ea-b87a-000d3a38a36f
10826,8a16e118-5bf0-11ea-9ba1-000d3a38a36f
10893,8b05509c-626b-11ea-9861-000d3a38a36f
10929,8b792c56-a5e2-11e9-a2fc-000d3a38a36f
10938,8ba1eb4a-a9c1-11e9-a2fc-000d3a38a36f
10957,8bf12eb8-a59c-11e9-a2fc-000d3a38a36f
10966,8c07073c-a561-11e9-a2fc-000d3a38a36f
10983,8c3c147a-a87e-11e9-a2fc-000d3a38a36f
10987,8c3f4782-1d1a-11eb-8d74-000d3a38a36f
10996,8c66cb6a-2764-11ea-aaaa-000d3a38a36f
11013,8ca0f80e-a3e7-11e9-a2fc-000d3a38a36f
11030,8cd44b3c-a45f-11e9-a2fc-000d3a38a36f
11033,8cdcadb4-a738-11e9-a2fc-000d3a38a36f
11097,8da3ff88-a934-11e9-a2fc-000d3a38a36f
11100,8dac5b40-ab39-11e9-a2fc-000d3a38a36f
11104,8db751fe-a21e-11e9-a2fc-000d3a38a36f
11126,8e0963b8-66ea-11ea-82da-000d3a38a36f
11158,8e768c6e-adcb-11e9-a2fc-000d3a38a36f
11166,8e9767b4-b135-11e9-9757-000d3a38a36f
11168,8ea0c3f8-d634-11e9-93bc-000d3a38a36f
11191,8ed59a90-51f6-11ea-a243-000d3a38a36f
11202,8eecb554-a828-11e9-a2fc-000d3a38a36f
11211,8f0dc820-d67c-11e9-93bc-000d3a38a36f
11223,8f364236-a6ad-11e9-a2fc-000d3a38a36f
11226,8f3a83e2-3b84-11eb-a48e-000d3a38a36f
11251,8f7f03a8-5329-11ea-acd3-000d3a38a36f
11262,8fad00e2-abf3-11e9-a2fc-000d3a38a36f
11263,8fb2e86e-a936-11e9-a2fc-000d3a38a36f
11266,8fb74378-aa4e-11e9-a2fc-000d3a38a36f
11272,8fd4e1be-b0a5-11e9-9757-000d3a38a36f
11275,8fd88976-6708-11ea-9d38-000d3a38a36f
11286,8ff632e0-a166-11e9-a2fc-000d3a38a36f
11301,90230d46-a8a1-11e9-a2fc-000d3a38a36f
11304,903425e6-9855-11ea-9d91-000d3a38a36f
11325,9096eefe-5b3f-11ea-b1fb-000d3a38a36f
11335,90b3dda4-3d74-11ea-9e19-000d3a38a36f
11343,90c2cd30-fc9e-11e9-a5e8-000d3a38a36f
11345,90c95876-24ee-11ea-bf27-000d3a38a36f
11347,90cc1138-601c-11ea-8dd8-000d3a38a36f
11354,90e2d8b4-a271-11e9-a2fc-000d3a38a36f
11359,90fe9264-390e-11ea-85d6-000d3a38a36f
11367,91181c76-b0a5-11e9-9757-000d3a38a36f
11386,9175d790-fa78-11e9-b138-000d3a38a36f
11390,91902386-5b42-11ea-a051-000d3a38a36f
11408,91d8159a-4f1e-11ea-99ba-000d3a38a36f
11422,91fe7508-9fad-11e9-a2fc-000d3a38a36f
11428,921a09e6-afaf-11e9-bd15-000d3a38a36f
11432,9223c5ae-aad6-11e9-a2fc-000d3a38a36f
11457,927b7822-9b25-11ea-a27a-000d3a38a36f
11460,9284e40e-afdc-11ea-b736-000d3a38a36f
11467,9293482a-1ad9-11ea-98d5-000d3a38a36f
11475,92b2af9e-f99f-11ea-9564-000d3a38a36f
11490,92eb100e-a541-11e9-a2fc-000d3a38a36f
11491,92ed15f6-b127-11e9-9757-000d3a38a36f
11527,9355b9e4-3ed5-11ea-b794-000d3a38a36f
11541,938e5e20-a51f-11e9-a2fc-000d3a38a36f
11543,93a2e284-f80b-11e9-b138-000d3a38a36f
11546,93a7f03c-2c5c-11ea-b752-000d3a38a36f
11596,946e3514-ac53-11e9-a2fc-000d3a38a36f
11619,94be37e0-aa72-11e9-a2fc-000d3a38a36f
11622,94c25510-a779-11e9-a2fc-000d3a38a36f
11639,9505f616-a572-11e9-a2fc-000d3a38a36f
11642,95114b54-b05a-11e9-9757-000d3a38a36f
11647,952fa426-dee2-11e9-957d-000d3a38a36f
11664,955c6c6c-30a0-11ea-a6ce-000d3a38a36f
11670,95706470-1e38-11eb-8d74-000d3a38a36f
11680,95912ffa-2b28-11eb-b280-000d3a38a36f
11682,95939e06-ab2d-11e9-a2fc-000d3a38a36f
11686,95a0ee0e-625b-11ea-9861-000d3a38a36f
11690,95a55bd6-b19a-11ea-b736-000d3a38a36f
11723,960099b2-a375-11e9-a2fc-000d3a38a36f
11762,966acf5e-ac75-11e9-a2fc-000d3a38a36f
11765,96780b08-b015-11e9-9757-000d3a38a36f
11768,96884dea-ac66-11e9-a2fc-000d3a38a36f
11779,96afd2dc-e7af-11e9-8bb8-000d3a38a36f
11838,976d9066-ac4e-11e9-a2fc-000d3a38a36f
11854,9794463c-2081-11ea-87bf-000d3a38a36f
11885,9802b72a-b0fb-11e9-9757-000d3a38a36f
11892,981959e0-4592-11ea-acaf-000d3a38a36f
11915,98727c8c-ad08-11e9-a2fc-000d3a38a36f
11933,98af63b8-d706-11e9-93bc-000d3a38a36f
11964,991d60ae-63a4-11ea-a6dc-000d3a38a36f
11981,99548de0-a6ad-11e9-a2fc-000d3a38a36f
11987,99639da4-ade6-11e9-a2fc-000d3a38a36f
11995,997a98d4-290a-11ea-b87a-000d3a38a36f
12001,999a40fc-fd0e-11ea-a657-000d3a38a36f
12021,99eeea00-a916-11e9-a2fc-000d3a38a36f
12069,9a7737e8-b01e-11e9-9757-000d3a38a36f
12071,9a8c3898-a143-11ea-afff-000d3a38a36f
12079,9aa893ca-1f99-11ea-87bf-000d3a38a36f
12091,9ae7854c-a994-11e9-a2fc-000d3a38a36f
12114,9b25a6fa-13d5-11ea-a001-000d3a38a36f
12122,9b461474-a168-11e9-a2fc-000d3a38a36f
12149,9bae735c-9ddf-11e9-9897-000d3a38a36f
12189,9c40b1c2-b021-11ea-b736-000d3a38a36f
12202,9c5ec1b8-d646-11e9-93bc-000d3a38a36f
12208,9c6d3064-deb0-11e9-957d-000d3a38a36f
12218,9c8b8160-a8d0-11e9-a2fc-000d3a38a36f
12239,9cbd2550-b16b-11e9-89fa-000d3a38a36f
12241,9cc3b07e-2bf9-11ea-91ab-000d3a38a36f
12254,9d05cd10-9828-11ea-9d91-000d3a38a36f
12256,9d0a5f0e-d6ba-11e9-93bc-000d3a38a36f
12258,9d12ef30-1ba6-11ea-ac4f-000d3a38a36f
12260,9d1485d4-b09e-11e9-9757-000d3a38a36f
12289,9d76715c-ab41-11e9-a2fc-000d3a38a36f
12309,9deb44d6-a7e1-11e9-a2fc-000d3a38a36f
12323,9e12957c-297d-11ea-b87a-000d3a38a36f
12350,9e6c32ca-a3a5-11e9-a2fc-000d3a38a36f
12362,9e8df7ec-d619-11e9-93bc-000d3a38a36f
12376,9ec6631c-a111-11e9-a2fc-000d3a38a36f
12391,9f01db8a-a5b3-11e9-a2fc-000d3a38a36f
12408,9f458e2e-a37a-11e9-a2fc-000d3a38a36f
12411,9f4ecaac-ac3f-11e9-a2fc-000d3a38a36f
12420,9f65fcfa-a72f-11e9-a2fc-000d3a38a36f
12424,9f7256b2-707e-11ea-8369-000d3a38a36f
12465,9fe52b22-ad35-11e9-a2fc-000d3a38a36f
12489,a035db04-9ee3-11e9-9897-000d3a38a36f
12512,a091f16a-a43c-11e9-a2fc-000d3a38a36f
12513,a09549bc-ab5f-11e9-a2fc-000d3a38a36f
12523,a0ae6810-1960-11ea-b6a2-000d3a38a36f
12531,a0bc13aa-d641-11e9-93bc-000d3a38a36f
12541,a0f73062-ab0c-11e9-a2fc-000d3a38a36f
12549,a1156d54-5b3b-11ea-85f7-000d3a38a36f
12551,a1182d9e-a751-11e9-a2fc-000d3a38a36f
12576,a1672a2a-b070-11e9-9757-000d3a38a36f
12586,a185cdd6-9d42-11e9-9897-000d3a38a36f
12590,a19ae308-1f90-11ea-87bf-000d3a38a36f
12636,a21a60ee-a9d7-11e9-a2fc-000d3a38a36f
12644,a23fd6ec-b1db-11e9-89fa-000d3a38a36f
12656,a25a9b0e-3cc7-11ea-b550-000d3a38a36f
12662,a2814aa6-1bb6-11ea-ac4f-000d3a38a36f
12673,a29eb20e-af59-11e9-a2fc-000d3a38a36f
12674,a2a2386c-508e-11ea-99ba-000d3a38a36f
12683,a2b05df8-addb-11e9-a2fc-000d3a38a36f
12698,a2d2b184-4f46-11ea-99ba-000d3a38a36f
12712,a30b93f8-a4fd-11e9-a2fc-000d3a38a36f
12713,a30bcc4e-ae74-11e9-a2fc-000d3a38a36f
12736,a3573218-cc2f-11ea-ac21-000d3a38a36f
12748,a374bbf8-aa9d-11e9-a2fc-000d3a38a36f
12769,a3c27754-a457-11e9-a2fc-000d3a38a36f
12793,a41c5ec0-9e19-11e9-9897-000d3a38a36f
12795,a425a6e8-a9df-11e9-a2fc-000d3a38a36f
12853,a4d1ff5c-ac31-11e9-a2fc-000d3a38a36f
12858,a4da2528-b1d2-11e9-89fa-000d3a38a36f
12871,a509b34e-a802-11e9-a2fc-000d3a38a36f
12889,a54be35e-4bef-11ea-a626-000d3a38a36f
12897,a5674f9c-a3c3-11e9-a2fc-000d3a38a36f
12930,a5ddb5d6-d61a-11e9-93bc-000d3a38a36f
12990,a69d466e-7118-11ea-adca-000d3a38a36f
13003,a6bdb138-b0ac-11e9-9757-000d3a38a36f
13009,a6ce5586-8cae-11ea-8f41-000d3a38a36f
13022,a7108556-a874-11e9-a2fc-000d3a38a36f
13033,a73aa1f6-45d1-11ea-a691-000d3a38a36f
13042,a757269c-5282-11ea-8850-000d3a38a36f
13044,a75bc63a-d617-11e9-93bc-000d3a38a36f
13052,a77882ea-a0d2-11e9-a2fc-000d3a38a36f
13058,a78e5dac-aaf7-11e9-a2fc-000d3a38a36f
13070,a7d49fa4-d60f-11e9-93bc-000d3a38a36f
13082,a7fce350-24fd-11ea-bf27-000d3a38a36f
13089,a80f36e4-a966-11e9-a2fc-000d3a38a36f
13091,a812b26e-745f-11ea-92d0-000d3a38a36f
13100,a82aa96c-b148-11e9-9757-000d3a38a36f
13102,a834c43a-6730-11ea-9d38-000d3a38a36f
13103,a83929ce-d6eb-11e9-93bc-000d3a38a36f
13105,a83c3a3c-52e8-11ea-9ade-000d3a38a36f
13115,a8540666-aecf-11e9-a2fc-000d3a38a36f
13129,a8784a7a-9f76-11e9-a2fc-000d3a38a36f
13142,a8a45fa4-a76c-11e9-a2fc-000d3a38a36f
13146,a8b44e7e-d619-11e9-93bc-000d3a38a36f
13153,a8ca09d6-5ea8-11ea-be5b-000d3a38a36f
13156,a8d5ce42-a5df-11e9-a2fc-000d3a38a36f
13161,a8de19d4-984c-11ea-9d91-000d3a38a36f
13163,a8e3b248-b0c8-11e9-9757-000d3a38a36f
13176,a90421fc-a5df-11e9-a2fc-000d3a38a36f
13178,a90b436a-47fb-11ea-b6c0-000d3a38a36f
13179,a90b9e7e-9f6c-11e9-a2fc-000d3a38a36f
13190,a93c2884-f825-11e9-b138-000d3a38a36f
13207,a976e924-aa19-11e9-a2fc-000d3a38a36f
13228,a9b59fb8-a869-11e9-a2fc-000d3a38a36f
13234,a9c6b370-1948-11ea-b6a2-000d3a38a36f
13251,aa06cf1e-9e19-11e9-9897-000d3a38a36f
13252,aa075372-e477-11e9-ad00-000d3a38a36f
13256,aa100b7a-d667-11e9-93bc-000d3a38a36f
13258,aa18a516-abbd-11e9-a2fc-000d3a38a36f
13259,aa1a37e4-9f53-11e9-9897-000d3a38a36f
13263,aa2bd9be-b1f4-11e9-89fa-000d3a38a36f
13285,aa7ac8d6-296c-11ea-b87a-000d3a38a36f
13287,aa890de8-fd65-11e9-a5e8-000d3a38a36f
13293,aa99671e-af28-11e9-a2fc-000d3a38a36f
13309,aac45d16-7124-11ea-adca-000d3a38a36f
13314,aae88ace-afd7-11e9-9757-000d3a38a36f
13334,ab20b544-7c18-11ea-80af-000d3a38a36f
13337,ab2b87b8-5b24-11ea-baec-000d3a38a36f
13365,aba200ba-d68a-11e9-93bc-000d3a38a36f
13373,abc23a20-b140-11e9-9757-000d3a38a36f
13402,ac28d8fe-b152-11e9-9757-000d3a38a36f
13418,ac67c92c-abaa-11e9-a2fc-000d3a38a36f
13426,ac8cd03a-a477-11e9-a2fc-000d3a38a36f
13441,acc2de56-a5c5-11e9-a2fc-000d3a38a36f
13443,acca0914-a779-11e9-a2fc-000d3a38a36f
13451,acd99578-a91d-11e9-a2fc-000d3a38a36f
13466,ad094214-6263-11ea-9861-000d3a38a36f
13473,ad1fa722-ac9a-11e9-a2fc-000d3a38a36f
13487,ad465f36-b085-11e9-9757-000d3a38a36f
13515,ad8d2fce-b20b-11e9-89fa-000d3a38a36f
13525,ad9c8cc0-f1b3-11e9-9346-000d3a38a36f
13538,adc12d0e-a8b2-11e9-a2fc-000d3a38a36f
13542,adccc3c8-a400-11e9-a2fc-000d3a38a36f
13544,adde11ae-4b1d-11ea-a626-000d3a38a36f
13572,ae33cad6-52ed-11ea-9ade-000d3a38a36f
13618,aebaf7bc-9ea3-11e9-9897-000d3a38a36f
13631,aeee6b60-9eda-11e9-9897-000d3a38a36f
13643,af1ca10c-2bc4-11ea-91ab-000d3a38a36f
13654,af46deda-a489-11e9-a2fc-000d3a38a36f
13658,af4d664a-a79c-11e9-a2fc-000d3a38a36f
13662,af57ef84-23ed-11ea-8523-000d3a38a36f
13677,af924c46-afef-11e9-9757-000d3a38a36f
13687,afba1680-aadc-11e9-a2fc-000d3a38a36f
13692,afcfde5c-a7a3-11e9-a2fc-000d3a38a36f
13728,b038da26-a823-11e9-a2fc-000d3a38a36f
13734,b04aa088-ad52-11e9-a2fc-000d3a38a36f
13740,b0548458-af8d-11e9-a2fc-000d3a38a36f
13756,b08ec0a6-e1e1-11e9-957d-000d3a38a36f
13768,b0aa15c6-aed9-11e9-a2fc-000d3a38a36f
13770,b0ae1a72-1c0c-11ea-ac4f-000d3a38a36f
13771,b0ae45d8-3ae3-11ea-835a-000d3a38a36f
13773,b0b5005e-b0ea-11e9-9757-000d3a38a36f
13778,b0c76218-3ef6-11ea-b794-000d3a38a36f
13780,b0cd9912-1331-11ea-a001-000d3a38a36f
13783,b0d7defc-b0e6-11e9-9757-000d3a38a36f
13791,b0fc10de-af41-11e9-a2fc-000d3a38a36f
13794,b10cb196-4e74-11ea-99ba-000d3a38a36f
13805,b12a5880-5bb8-11ea-b13f-000d3a38a36f
13815,b140a018-51ad-11eb-806e-000d3a38a36f
13821,b1567710-15f1-11ea-aa74-000d3a38a36f
13822,b158f9b4-f4bc-11e9-9346-000d3a38a36f
13832,b16cfa18-9f76-11e9-a2fc-000d3a38a36f
13836,b1754fb2-d6e7-11e9-93bc-000d3a38a36f
13843,b184af86-6047-11ea-8dd8-000d3a38a36f
13863,b1b9c92e-5b3c-11ea-8c74-000d3a38a36f
13866,b1c458d8-ab80-11e9-a2fc-000d3a38a36f
13893,b2362f28-ff25-11e9-a5e8-000d3a38a36f
13910,b27e241a-a901-11e9-a2fc-000d3a38a36f
13916,b2926d04-b12f-11e9-9757-000d3a38a36f
13937,b2c895fe-2962-11ea-b87a-000d3a38a36f
13943,b2d7c970-9dcb-11e9-9897-000d3a38a36f
13946,b2eb58aa-a0c3-11e9-a2fc-000d3a38a36f
13947,b2ecb0d6-a80d-11ea-bd63-000d3a38a36f
13955,b3013596-f184-11e9-9346-000d3a38a36f
13962,b31c68ea-aaec-11e9-a2fc-000d3a38a36f
13974,b33d59c6-ac4d-11e9-a2fc-000d3a38a36f
13981,b35572aa-5f8e-11ea-be5b-000d3a38a36f
13985,b362ebc0-b11e-11e9-9757-000d3a38a36f
14010,b3b9f10c-b0c1-11e9-9757-000d3a38a36f
14030,b3fe801e-a89d-11e9-a2fc-000d3a38a36f
14062,b4801d48-ddd3-11e9-a848-000d3a38a36f
14073,b4b06992-adc9-11e9-a2fc-000d3a38a36f
14074,b4b2177e-a784-11e9-a2fc-000d3a38a36f
14091,b4eebabc-ab3a-11e9-a2fc-000d3a38a36f
14136,b56e45b8-d6df-11e9-93bc-000d3a38a36f
14164,b5eb68d4-a518-11e9-a2fc-000d3a38a36f
14172,b607da42-e53a-11ea-b769-000d3a38a36f
14176,b60c6d44-0b2f-11eb-8ffc-000d3a38a36f
14203,b6510b5a-9e36-11e9-9897-000d3a38a36f
14212,b6642890-9fab-11e9-a2fc-000d3a38a36f
14227,b68f023c-a5d6-11e9-a2fc-000d3a38a36f
14246,b6e765ce-a853-11e9-a2fc-000d3a38a36f
14253,b6f83eb4-5be3-11ea-b013-000d3a38a36f
14256,b701db76-b477-11ea-96bf-000d3a38a36f
14276,b73ecccc-a6d9-11e9-a2fc-000d3a38a36f
14286,b75cf8c4-5bdc-11ea-a0e1-000d3a38a36f
14304,b7959a12-24f0-11ea-bf27-000d3a38a36f
14310,b7a1449c-ace7-11e9-a2fc-000d3a38a36f
14314,b7a8f9a0-a5ba-11e9-a2fc-000d3a38a36f
14326,b7c8ffbe-acab-11e9-a2fc-000d3a38a36f
14329,b7d374d8-7381-11ea-92d0-000d3a38a36f
14330,b7dc4194-a5d2-11e9-a2fc-000d3a38a36f
14364,b84f30d2-abb8-11e9-a2fc-000d3a38a36f
14376,b89d54fc-a531-11e9-a2fc-000d3a38a36f
14378,b8a664ec-acad-11e9-a2fc-000d3a38a36f
14380,b8abaeda-a72f-11e9-a2fc-000d3a38a36f
14381,b8b08a0a-a1ed-11e9-a2fc-000d3a38a36f
14421,b91f85c6-abd5-11e9-a2fc-000d3a38a36f
14431,b93e1e64-1e85-11ea-aa32-000d3a38a36f
14432,b93f8a4a-d6ca-11e9-93bc-000d3a38a36f
14437,b9486944-aca8-11ea-b736-000d3a38a36f
14442,b95511d4-aa3e-11e9-a2fc-000d3a38a36f
14455,b9940350-9f1a-11e9-9897-000d3a38a36f
14474,b9e02d48-44b5-11ea-8b43-000d3a38a36f
14478,b9ed108c-a6bb-11e9-a2fc-000d3a38a36f
14508,ba5e5490-aec7-11e9-a2fc-000d3a38a36f
14513,ba65dd9c-a769-11e9-a2fc-000d3a38a36f
14532,ba9b6aca-a93f-11e9-a2fc-000d3a38a36f
14533,ba9f3932-a86f-11e9-a2fc-000d3a38a36f
14535,ba9fda90-9487-11ea-85df-000d3a38a36f
14549,baca6daa-d664-11e9-93bc-000d3a38a36f
14567,bb0f3dd2-a6bb-11e9-a2fc-000d3a38a36f
14583,bb539c1c-a43a-11e9-a2fc-000d3a38a36f
14588,bb62100c-e1df-11e9-957d-000d3a38a36f
14630,bbf87e62-2be9-11ea-91ab-000d3a38a36f
14636,bc0aa460-9f09-11e9-9897-000d3a38a36f
14644,bc28cafc-21d2-11ea-9618-000d3a38a36f
14662,bc6c21ec-aec5-11e9-a2fc-000d3a38a36f
14665,bc73ed56-a1c2-11e9-a2fc-000d3a38a36f
14703,bce34d44-f11e-11e9-9346-000d3a38a36f
14729,bd458b26-b1e0-11e9-89fa-000d3a38a36f
14730,bd4e5f5e-ae56-11e9-a2fc-000d3a38a36f
14753,bd93556c-adfe-11e9-a2fc-000d3a38a36f
14755,bd9c7e18-aa79-11e9-a2fc-000d3a38a36f
14760,bdb5224e-5bfb-11eb-8dbd-000d3a38a36f
14781,bdf088e0-aa70-11e9-a2fc-000d3a38a36f
14805,be387682-a79b-11e9-a2fc-000d3a38a36f
14806,be3cd392-302c-11eb-be61-000d3a38a36f
14809,be41b8d2-77de-11ea-9b70-000d3a38a36f
14816,be6004b0-97b7-11ea-9d91-000d3a38a36f
14822,be7d9cae-a551-11e9-a2fc-000d3a38a36f
14825,be8e9fe8-1173-11ea-9f3a-000d3a38a36f
14852,bee1a310-ac0f-11e9-a2fc-000d3a38a36f
14872,bf282eca-af6b-11e9-a2fc-000d3a38a36f
14886,bf4dd03e-d663-11e9-93bc-000d3a38a36f
14894,bf66e6a0-a3e6-11e9-a2fc-000d3a38a36f
14899,bf7a908c-5ee5-11ea-be5b-000d3a38a36f
14906,bf98d8e8-5bb2-11ea-a903-000d3a38a36f
14916,bfaf0e2c-38b3-11eb-a48e-000d3a38a36f
14919,bfb92790-a7e6-11e9-a2fc-000d3a38a36f
14935,bfe18868-abf8-11ea-b736-000d3a38a36f
14968,c04be47a-ab3a-11e9-a2fc-000d3a38a36f
14986,c0854ef8-ddd1-11e9-a848-000d3a38a36f
15009,c0e1d2f4-f406-11e9-9346-000d3a38a36f
15038,c1339dd2-5446-11ea-b1db-000d3a38a36f
15044,c1486df4-3da1-11ea-9e19-000d3a38a36f
15048,c14cee0c-27d4-11ea-aaaa-000d3a38a36f
15066,c17e8f84-1acd-11ea-98d5-000d3a38a36f
15092,c1c09aca-edf8-11e9-9346-000d3a38a36f
15093,c1c3b3a4-a582-11e9-a2fc-000d3a38a36f
15145,c251f332-9f9a-11e9-a2fc-000d3a38a36f
15154,c288d646-11fe-11ea-916f-000d3a38a36f
15163,c2b5d8e4-a8ae-11e9-a2fc-000d3a38a36f
15167,c2cf6152-d6c0-11e9-93bc-000d3a38a36f
15168,c2d08618-af60-11e9-a2fc-000d3a38a36f
15200,c330ba4c-531b-11ea-acd3-000d3a38a36f
15206,c33c35e4-aae6-11e9-a2fc-000d3a38a36f
15216,c35afd58-a505-11e9-a2fc-000d3a38a36f
15222,c3704848-a267-11e9-a2fc-000d3a38a36f
15241,c3bdcc2e-5b05-11ea-9420-000d3a38a36f
15267,c427986c-450a-11eb-806e-000d3a38a36f
15275,c43a3fde-afca-11e9-9757-000d3a38a36f
15279,c444d876-137f-11eb-8ffc-000d3a38a36f
15301,c4a0623c-f7e1-11e9-841e-000d3a38a36f
15333,c51201f2-1155-11ea-8872-000d3a38a36f
15337,c5158ee2-a6c2-11e9-a2fc-000d3a38a36f
15339,c51de428-5452-11ea-b1db-000d3a38a36f
15347,c52fcb34-ffd9-11e9-a5e8-000d3a38a36f
15352,c53518b4-222f-11ea-8523-000d3a38a36f
15353,c54093ea-ff1d-11e9-a5e8-000d3a38a36f
15357,c54ba354-193d-11ea-b6a2-000d3a38a36f
15358,c5569920-ad46-11e9-a2fc-000d3a38a36f
15383,c5ac8918-70b7-11ea-91b2-000d3a38a36f
15387,c5c96c28-fbd6-11e9-b138-000d3a38a36f
15394,c5d82904-98aa-11ea-b97a-000d3a38a36f
15397,c5e06a58-9f47-11ea-80cd-000d3a38a36f
15410,c610aeb8-a79d-11e9-a2fc-000d3a38a36f
15429,c64dcf9e-9ef3-11e9-9897-000d3a38a36f
15433,c65bb7ee-aaf6-11e9-a2fc-000d3a38a36f
15466,c6ce2ad8-5be8-11ea-bcdf-000d3a38a36f
15478,c6ee06c2-5bad-11ea-8183-000d3a38a36f
15500,c7686de8-41ba-11ea-96d9-000d3a38a36f
15512,c78c6b2a-2ad7-11ea-9d27-000d3a38a36f
15517,c79f8ea8-9c9c-11ea-a27a-000d3a38a36f
15520,c7a5c904-21d5-11ea-9618-000d3a38a36f
15521,c7a71422-d7ba-11e9-93bc-000d3a38a36f
15546,c7e0c6f4-ad58-11e9-a2fc-000d3a38a36f
15548,c7e4601c-a67b-11ea-bd63-000d3a38a36f
15554,c7ee6336-a5a6-11e9-a2fc-000d3a38a36f
15577,c83efd70-466c-11ea-b6c0-000d3a38a36f
15582,c853fe98-f750-11e9-841e-000d3a38a36f
15590,c86720d2-afc9-11e9-9757-000d3a38a36f
15591,c86c876e-1f1a-11ea-87bf-000d3a38a36f
15599,c87e8bbc-a5ad-11e9-a2fc-000d3a38a36f
15615,c8a6c372-a588-11e9-a2fc-000d3a38a36f
15629,c8c62724-ab4d-11e9-a2fc-000d3a38a36f
15658,c93c21b8-5bbf-11ea-9600-000d3a38a36f
15662,c9485c70-ac70-11e9-a2fc-000d3a38a36f
15675,c9617a24-a0e6-11e9-a2fc-000d3a38a36f
15694,c99f24a2-7f50-11ea-80af-000d3a38a36f
15728,ca0f6c1a-a9dd-11e9-a2fc-000d3a38a36f
15733,ca229254-531f-11ea-acd3-000d3a38a36f
15755,ca74c65c-1a83-11ea-941b-000d3a38a36f
15764,ca9311c6-a822-11e9-a2fc-000d3a38a36f
15766,caa8ca1e-9ee2-11e9-9897-000d3a38a36f
15794,cae4ca30-aaf6-11e9-a2fc-000d3a38a36f
15796,cae80110-af7d-11e9-a2fc-000d3a38a36f
15811,cb1e5004-5b4d-11ea-b8df-000d3a38a36f
15815,cb3b0dca-a2b6-11e9-a2fc-000d3a38a36f
15817,cb46db82-afb8-11e9-9757-000d3a38a36f
15825,cb5e15c4-6b7c-11ea-9c62-000d3a38a36f
15835,cb77eaf6-acde-11e9-a2fc-000d3a38a36f
15849,cb9f9d18-ac51-11e9-a2fc-000d3a38a36f
15884,cc164a06-a465-11e9-a2fc-000d3a38a36f
15886,cc221e52-2873-11ea-b87a-000d3a38a36f
15887,cc294636-19f0-11eb-8d74-000d3a38a36f
15896,cc407432-a77d-11e9-a2fc-000d3a38a36f
15910,cc6f57aa-aa40-11e9-a2fc-000d3a38a36f
15916,cc841c98-135f-11ea-a001-000d3a38a36f
15925,cca6958a-d713-11e9-93bc-000d3a38a36f
15958,cd24f0b2-aa48-11e9-a2fc-000d3a38a36f
15967,cd502a50-1219-11ea-a001-000d3a38a36f
15970,cd61e7e0-fd83-11e9-a5e8-000d3a38a36f
15979,cd7f8b34-abd4-11e9-a2fc-000d3a38a36f
15994,cdb68642-1a48-11ea-941b-000d3a38a36f
16006,cde4f462-5f37-11ea-be5b-000d3a38a36f
16024,ce331d2a-f12f-11e9-9346-000d3a38a36f
16026,ce3d6f68-9d07-11e9-9897-000d3a38a36f
16027,ce40305c-abcd-11e9-a2fc-000d3a38a36f
16045,ce7a2056-a6e5-11e9-a2fc-000d3a38a36f
16048,ce7ee5e8-a7a1-11e9-a2fc-000d3a38a36f
16053,ce9736dc-a528-11e9-a2fc-000d3a38a36f
16055,ce9a44fe-2a83-11ea-b3a7-000d3a38a36f
16065,ceb3c208-af0e-11e9-a2fc-000d3a38a36f
16074,ceda2e6a-1837-11ea-9213-000d3a38a36f
16094,cf1d576a-afc5-11e9-9757-000d3a38a36f
16095,cf20e38a-b132-11e9-9757-000d3a38a36f
16106,cf4449f0-7668-11ea-b23f-000d3a38a36f
16117,cf89c0cc-1f59-11ea-87bf-000d3a38a36f
16138,cfbda69e-5b4f-11ea-aca7-000d3a38a36f
16140,cfcc3e08-88c1-11ea-9c02-000d3a38a36f
16157,cfe56b54-b030-11e9-9757-000d3a38a36f
16160,cfe68c5a-1abb-11ea-98d5-000d3a38a36f
16178,d01ce51a-ac3f-11e9-a2fc-000d3a38a36f
16206,d06aaf12-ddd5-11e9-a848-000d3a38a36f
16212,d07eaaac-a91a-11e9-a2fc-000d3a38a36f
16223,d0aae138-2599-11eb-81e9-000d3a38a36f
16233,d0c73184-a5bc-11e9-a2fc-000d3a38a36f
16239,d0e01434-a99e-11e9-a2fc-000d3a38a36f
16251,d118a940-1ff8-11ea-87bf-000d3a38a36f
16255,d1226026-aa90-11e9-a2fc-000d3a38a36f
16264,d14035f8-272f-11ea-aaaa-000d3a38a36f
16285,d186774a-b095-11e9-9757-000d3a38a36f
16301,d1b28d74-a25a-11e9-a2fc-000d3a38a36f
16336,d2302a0a-1d56-11ea-a490-000d3a38a36f
16345,d2544d60-ad24-11e9-a2fc-000d3a38a36f
16358,d2930dca-a9dc-11e9-a2fc-000d3a38a36f
16359,d29726bc-a9e1-11e9-a2fc-000d3a38a36f
16361,d29bbe8a-7550-11ea-b23f-000d3a38a36f
16371,d2c61d4c-d60e-11e9-93bc-000d3a38a36f
16381,d2e3a3de-afe5-11e9-9757-000d3a38a36f
16391,d305db64-7355-11ea-92d0-000d3a38a36f
16418,d357f0ba-ad18-11e9-a2fc-000d3a38a36f
16426,d36f8bb6-a2c9-11e9-a2fc-000d3a38a36f
16450,d3c2fc04-26f6-11ea-aaaa-000d3a38a36f
16472,d3fc2624-ff27-11e9-a5e8-000d3a38a36f
16480,d40b8254-aa18-11e9-a2fc-000d3a38a36f
16486,d41b3620-b028-11e9-9757-000d3a38a36f
16509,d459cc58-a91d-11e9-a2fc-000d3a38a36f
16513,d45f7f8e-5bda-11ea-a773-000d3a38a36f
16521,d47ba0c6-aba2-11e9-a2fc-000d3a38a36f
16533,d4a96db0-a2cb-11e9-a2fc-000d3a38a36f
16542,d4cb135a-ad22-11e9-a2fc-000d3a38a36f
16550,d4e2eaea-5b53-11ea-9c06-000d3a38a36f
16551,d4e7b5c8-b209-11e9-89fa-000d3a38a36f
16568,d517aa06-ae4b-11e9-a2fc-000d3a38a36f
16595,d56219d8-aeaa-11e9-a2fc-000d3a38a36f
16618,d5c79fb0-a586-11e9-a2fc-000d3a38a36f
16624,d5e63a26-a5bb-11e9-a2fc-000d3a38a36f
16625,d5ef8058-a5c6-11e9-a2fc-000d3a38a36f
16638,d631f2b0-e7ad-11ea-8f44-000d3a38a36f
16653,d6547d72-53e6-11ea-94d4-000d3a38a36f
16665,d6879a9e-ac0d-11e9-a2fc-000d3a38a36f
16671,d6964d06-a9c3-11e9-a2fc-000d3a38a36f
16672,d696c654-2633-11ea-8e1c-000d3a38a36f
16678,d6ae54c4-a27e-11e9-a2fc-000d3a38a36f
16683,d6c061b8-260a-11ea-8e1c-000d3a38a36f
16694,d6e2bef4-aef8-11e9-a2fc-000d3a38a36f
16695,d6e3cdf4-a38a-11e9-a2fc-000d3a38a36f
16698,d6eb07aa-ae79-11e9-a2fc-000d3a38a36f
16701,d6ee3b4a-a560-11e9-a2fc-000d3a38a36f
16728,d73eb24c-a960-11e9-a2fc-000d3a38a36f
16741,d7686d98-37b8-11eb-a48e-000d3a38a36f
16761,d79702ba-9d82-11e9-9897-000d3a38a36f
16787,d7e7c6ca-a55f-11e9-a2fc-000d3a38a36f
16801,d81bf2e0-aa84-11e9-a2fc-000d3a38a36f
16814,d85d96ea-5e2a-11eb-8dbd-000d3a38a36f
16826,d883c93e-a7c7-11e9-a2fc-000d3a38a36f
16847,d8b9923c-495a-11ea-8a4f-000d3a38a36f
16849,d8bdbb6c-c4ea-11ea-98f7-000d3a38a36f
16860,d8dd465a-a54a-11e9-a2fc-000d3a38a36f
16865,d8e9d4c6-2f17-11eb-bdd0-000d3a38a36f
16907,d9751b84-aed6-11e9-a2fc-000d3a38a36f
16927,d9acb9de-23d1-11ea-8523-000d3a38a36f
16928,d9b0aaf8-a4a6-11e9-a2fc-000d3a38a36f
16938,d9cea98c-e375-11e9-ad00-000d3a38a36f
16973,da32b954-e1db-11e9-957d-000d3a38a36f
16985,da4fd05e-b18c-11e9-89fa-000d3a38a36f
17000,da6356c4-ae7b-11e9-a2fc-000d3a38a36f
17002,da663f30-b149-11e9-9757-000d3a38a36f
17026,dac2dad2-a5dd-11e9-a2fc-000d3a38a36f
17031,dac960e6-9e99-11e9-9897-000d3a38a36f
17037,dae959f0-a3de-11ea-9c18-000d3a38a36f
17040,daefd87e-9ebd-11e9-9897-000d3a38a36f
17049,db045d9a-af79-11e9-a2fc-000d3a38a36f
17050,db078db2-2bfc-11ea-91ab-000d3a38a36f
17056,db1be05e-705e-11ea-8369-000d3a38a36f
17095,db8a9b4a-ac99-11e9-a2fc-000d3a38a36f
17148,dc5fc14e-c55c-11ea-9dde-000d3a38a36f
17150,dc69a27a-aeee-11e9-a2fc-000d3a38a36f
17199,dd155816-9ce8-11ea-a27a-000d3a38a36f
17207,dd1ee414-212b-11ea-b50a-000d3a38a36f
17216,dd3e077e-af0f-11e9-a2fc-000d3a38a36f
17218,dd4036ee-ab4e-11e9-a2fc-000d3a38a36f
17236,dd8a883a-d7c1-11e9-93bc-000d3a38a36f
17237,dd8f7930-615f-11ea-8dd8-000d3a38a36f
17243,dd9f7d72-a246-11e9-a2fc-000d3a38a36f
17277,de04ce62-d6b6-11e9-93bc-000d3a38a36f
17290,de1ad812-a3fb-11e9-a2fc-000d3a38a36f
17292,de1f9850-aa47-11e9-a2fc-000d3a38a36f
17306,de3c26f4-1145-11ea-8872-000d3a38a36f
17348,dec632a0-a7e0-11e9-a2fc-000d3a38a36f
17373,df1195e6-b006-11e9-9757-000d3a38a36f
17387,df531e3a-b0f1-11e9-9757-000d3a38a36f
17401,df8ca6fc-a523-11e9-a2fc-000d3a38a36f
17406,dfa16826-b031-11e9-9757-000d3a38a36f
17422,dfd02fb4-b0de-11e9-9757-000d3a38a36f
17423,dfd43994-b1b3-11e9-89fa-000d3a38a36f
17428,dff1e0e2-2207-11ea-ba6f-000d3a38a36f
17435,e00d5a5a-23ee-11ea-8523-000d3a38a36f
17438,e014ec36-b128-11e9-9757-000d3a38a36f
17444,e0369874-1f8a-11ea-87bf-000d3a38a36f
17448,e04b7526-b0ce-11e9-9757-000d3a38a36f
17481,e0bbbc42-a899-11e9-a2fc-000d3a38a36f
17494,e0d5fc16-d69c-11e9-93bc-000d3a38a36f
17504,e0eec768-9e9e-11e9-9897-000d3a38a36f
17506,e0fc9fce-f118-11e9-9346-000d3a38a36f
17523,e12ffb50-b0a2-11e9-9757-000d3a38a36f
17528,e143b6fa-d6f8-11e9-93bc-000d3a38a36f
17539,e17ef1f2-2865-11ea-b87a-000d3a38a36f
17550,e1a8efca-9f35-11e9-9897-000d3a38a36f
17553,e1af5cae-aa05-11e9-a2fc-000d3a38a36f
17566,e1dbbc74-ae1d-11e9-a2fc-000d3a38a36f
17569,e1e50f52-4167-11eb-806e-000d3a38a36f
17577,e1fcd16a-a946-11e9-a2fc-000d3a38a36f
17580,e205f2ee-acdf-11e9-a2fc-000d3a38a36f
17605,e2565c26-8cb2-11ea-8f41-000d3a38a36f
17608,e25d1e2c-25c8-11ea-b1c8-000d3a38a36f
17649,e2cccf40-b158-11e9-9757-000d3a38a36f
17666,e305a27a-a41a-11e9-a2fc-000d3a38a36f
17677,e32fd794-a496-11e9-a2fc-000d3a38a36f
17680,e336790c-f8e5-11e9-b138-000d3a38a36f
17681,e339b4c4-2fad-11ea-bb80-000d3a38a36f
17691,e3506ca0-a218-11e9-a2fc-000d3a38a36f
17695,e3571dde-dfb1-11ea-9c1f-000d3a38a36f
17708,e3720838-ab64-11e9-a2fc-000d3a38a36f
17712,e388ec4c-a5a1-11e9-a2fc-000d3a38a36f
17721,e3ad33e8-5b51-11ea-9d61-000d3a38a36f
17726,e3c37f30-5b48-11ea-86c5-000d3a38a36f
17736,e3f559a4-a8fd-11e9-a2fc-000d3a38a36f
17737,e3f5e4cc-2fa9-11ea-bb80-000d3a38a36f
17738,e3f9a512-a8fe-11e9-a2fc-000d3a38a36f
17745,e40ab36e-9f0a-11e9-9897-000d3a38a36f
17759,e42a05aa-29e0-11ea-87cc-000d3a38a36f
17771,e457d98e-277f-11ea-aaaa-000d3a38a36f
17780,e476a216-a2b3-11e9-a2fc-000d3a38a36f
17796,e4afdfb2-ad2c-11e9-a2fc-000d3a38a36f
17800,e4bae1b8-a5c6-11e9-a2fc-000d3a38a36f
17808,e4d0bb14-a7a1-11e9-a2fc-000d3a38a36f
17810,e4d62c72-b005-11e9-9757-000d3a38a36f
17812,e4da5310-a93e-11e9-a2fc-000d3a38a36f
17814,e4e1ea48-5b23-11ea-8b87-000d3a38a36f
17826,e4f73452-28c4-11ea-b87a-000d3a38a36f
17832,e508bbb6-d67e-11e9-93bc-000d3a38a36f
17847,e53cf078-acf5-11e9-a2fc-000d3a38a36f
17850,e54f6a08-b080-11e9-9757-000d3a38a36f
17854,e55ae7b2-a1f2-11e9-a2fc-000d3a38a36f
17864,e582b59a-a903-11e9-a2fc-000d3a38a36f
17876,e5a4a606-aba5-11e9-a2fc-000d3a38a36f
17890,e5bc0d1a-5b94-11ea-af61-000d3a38a36f
17898,e5ce776a-18ec-11ea-9213-000d3a38a36f
17911,e5f8b342-aa0e-11e9-a2fc-000d3a38a36f
17941,e65fbf46-2246-11ea-8523-000d3a38a36f
17957,e68ef7a8-7bfa-11ea-80af-000d3a38a36f
17978,e6c4f4ba-a839-11e9-a2fc-000d3a38a36f
17987,e6f8ea68-a8a7-11e9-a2fc-000d3a38a36f
17989,e7047162-f8a2-11e9-b138-000d3a38a36f
17993,e7083a0a-ad0b-11e9-a2fc-000d3a38a36f
18008,e73321b6-acde-11e9-a2fc-000d3a38a36f
18016,e75b4ff2-1ea2-11ea-aa32-000d3a38a36f
18017,e75d0e6c-ace4-11e9-a2fc-000d3a38a36f
18019,e7628fb0-39d2-11ea-85d6-000d3a38a36f
18036,e7a1aba6-aa66-11e9-a2fc-000d3a38a36f
18038,e7a1d4fc-aee2-11e9-a2fc-000d3a38a36f
18042,e7b512f2-a577-11e9-a2fc-000d3a38a36f
18058,e7e2f23c-a7f5-11e9-a2fc-000d3a38a36f
18063,e7f265f0-2abd-11ea-b3a7-000d3a38a36f
18073,e7fd6858-a3a2-11e9-a2fc-000d3a38a36f
18082,e815a000-ae54-11e9-a2fc-000d3a38a36f
18106,e87a115e-d611-11e9-93bc-000d3a38a36f
18117,e89bfe40-fab4-11ea-9564-000d3a38a36f
18118,e89c0eaa-b00d-11e9-9757-000d3a38a36f
18124,e8b10a20-20bb-11ea-97c9-000d3a38a36f
18134,e8d065a0-8984-11ea-a6e7-000d3a38a36f
18135,e8d1199c-fbdf-11e9-b138-000d3a38a36f
18158,e8fc7148-9e90-11e9-9897-000d3a38a36f
18174,e926fbf2-9d32-11e9-9897-000d3a38a36f
18216,e9bb434a-7b01-11ea-8f20-000d3a38a36f
18260,ea56ef18-b1a1-11e9-89fa-000d3a38a36f
18266,ea653bc4-aa1f-11e9-a2fc-000d3a38a36f
18274,ea801f24-f11f-11e9-9346-000d3a38a36f
18282,eaa03c3a-3a23-11ea-85d6-000d3a38a36f
18285,eaa36ca0-b12c-11e9-9757-000d3a38a36f
18318,eb24b16c-aff0-11e9-9757-000d3a38a36f
18319,eb2a76d4-a8dd-11e9-a2fc-000d3a38a36f
18320,eb2be8b4-5bd1-11ea-9432-000d3a38a36f
18322,eb3202c2-a5a0-11e9-a2fc-000d3a38a36f
18340,eb65991a-46eb-11ea-b6c0-000d3a38a36f
18358,eb8da092-a824-11e9-a2fc-000d3a38a36f
18375,ebc12cc8-ff27-11e9-a5e8-000d3a38a36f
18378,ebc6d4e6-aff6-11e9-9757-000d3a38a36f
18387,ebd7b7de-f6a9-11ea-a533-000d3a38a36f
18390,ebdfa56e-a7e7-11e9-a2fc-000d3a38a36f
18398,ebf3ed6e-aca4-11e9-a2fc-000d3a38a36f
18403,ebff3f7c-906d-11ea-af25-000d3a38a36f
18409,ec13802e-b218-11e9-b5cf-000d3a38a36f
18418,ec249ac2-5b27-11ea-9bad-000d3a38a36f
18429,ec41e1ae-ab32-11e9-a2fc-000d3a38a36f
18452,ec95295e-948e-11ea-85df-000d3a38a36f
18463,ecb3159a-5bb3-11ea-a117-000d3a38a36f
18467,eccd5d06-5e0b-11ea-b81f-000d3a38a36f
18483,ecffee3e-1873-11ea-9213-000d3a38a36f
18491,ed1900a0-d7a9-11e9-93bc-000d3a38a36f
18495,ed250270-a567-11e9-a2fc-000d3a38a36f
18503,ed3ae452-3ed0-11ea-b794-000d3a38a36f
18509,ed4edaf0-aac6-11e9-a2fc-000d3a38a36f
18538,edc9b1b2-ae09-11e9-a2fc-000d3a38a36f
18543,edd65f1c-af16-11e9-a2fc-000d3a38a36f
18552,edff6c14-2bed-11ea-91ab-000d3a38a36f
18554,ee0403aa-a8c6-11e9-a2fc-000d3a38a36f
18570,ee234e00-aa5a-11e9-a2fc-000d3a38a36f
18581,ee3d7996-b186-11e9-89fa-000d3a38a36f
18583,ee408868-007b-11ea-a5e8-000d3a38a36f
18592,ee66012a-ac97-11e9-a2fc-000d3a38a36f
18604,ee82cbb4-ff00-11e9-a5e8-000d3a38a36f
18625,eea0c706-b151-11e9-9757-000d3a38a36f
18633,eec04cd0-9c46-11ea-a27a-000d3a38a36f
18635,eec62976-8d1d-11ea-8f41-000d3a38a36f
18638,eec8e104-a98c-11e9-a2fc-000d3a38a36f
18649,eee9cab4-ab75-11e9-a2fc-000d3a38a36f
18670,ef3cb46c-a388-11e9-a2fc-000d3a38a36f
18684,ef831ebc-a8a5-11e9-a2fc-000d3a38a36f
18726,eff7ed2e-ff1b-11e9-a5e8-000d3a38a36f
18759,f06cc840-30db-11eb-8968-000d3a38a36f
18791,f0cf9ac0-1fba-11ea-87bf-000d3a38a36f
18793,f0e33f96-31a5-11eb-81a1-000d3a38a36f
18795,f0e8b224-a22b-11e9-a2fc-000d3a38a36f
18796,f0ea2ac6-7a68-11ea-8f20-000d3a38a36f
18797,f0efcd32-ac0a-11e9-a2fc-000d3a38a36f
18799,f1085952-ad12-11e9-a2fc-000d3a38a36f
18808,f122eee2-5b05-11ea-8469-000d3a38a36f
18829,f1a5d06e-af5c-11e9-a2fc-000d3a38a36f
18836,f1be728c-d68e-11e9-93bc-000d3a38a36f
18845,f1df7acc-18f6-11ea-9213-000d3a38a36f
18846,f1e095a6-637e-11ea-a6dc-000d3a38a36f
18848,f1e10aea-b0f0-11e9-9757-000d3a38a36f
18905,f2774bf4-5bd6-11ea-81df-000d3a38a36f
18908,f282d836-710f-11ea-ad37-000d3a38a36f
18918,f2a14c92-2733-11ea-aaaa-000d3a38a36f
18931,f2dbfc7e-1e0b-11ea-8bf2-000d3a38a36f
18940,f2fad686-afc9-11e9-9757-000d3a38a36f
18941,f2fb85b0-1e17-11ea-8bf2-000d3a38a36f
18952,f323c0b4-6c92-11eb-b5d7-000d3a38a36f
18960,f345be2e-b02a-11e9-9757-000d3a38a36f
18984,f3a983d0-abdb-11e9-a2fc-000d3a38a36f
18995,f3cee874-bde0-11ea-aa61-000d3a38a36f
19004,f3e5add2-afc9-11e9-9757-000d3a38a36f
19011,f3f5901e-ab49-11e9-a2fc-000d3a38a36f
19013,f3fae00a-bbb5-11ea-a0c9-000d3a38a36f
19022,f40f136c-a875-11e9-a2fc-000d3a38a36f
19023,f41a38d2-4b31-11ea-a626-000d3a38a36f
19030,f431bd5a-ab7b-11e9-a2fc-000d3a38a36f
19039,f462b6ac-7075-11ea-8369-000d3a38a36f
19041,f46c23f4-abcc-11e9-a2fc-000d3a38a36f
19077,f4e1b6e2-21f0-11ea-ba6f-000d3a38a36f
19161,f6000714-1812-11ea-9213-000d3a38a36f
19168,f60d8638-aaac-11e9-a2fc-000d3a38a36f
19176,f61fcc18-13a6-11ea-a001-000d3a38a36f
19183,f63aba0e-41d8-11ea-96d9-000d3a38a36f
19194,f65e0574-9df8-11e9-9897-000d3a38a36f
19200,f66edc76-a435-11e9-a2fc-000d3a38a36f
19207,f692d556-6643-11ea-82da-000d3a38a36f
19216,f6a05fc0-afb2-11e9-9757-000d3a38a36f
19236,f6e9ce7a-25fb-11ea-8e1c-000d3a38a36f
19243,f70e0940-60c8-11ea-8dd8-000d3a38a36f
19248,f717eb3e-187c-11ea-9213-000d3a38a36f
19253,f7378230-a97f-11e9-a2fc-000d3a38a36f
19254,f738415a-afb2-11e9-9757-000d3a38a36f
19262,f74a3c42-6bb5-11ea-9c62-000d3a38a36f
19268,f7645522-b17b-11e9-89fa-000d3a38a36f
19285,f791947a-40c7-11ea-82e1-000d3a38a36f
19301,f7b9a9ee-26a8-11ea-b9a0-000d3a38a36f
19307,f7d23be8-1dbc-11ea-8bf2-000d3a38a36f
19318,f8033de8-b16e-11e9-89fa-000d3a38a36f
19328,f81e53e0-3ed5-11ea-b794-000d3a38a36f
19338,f834dad8-316a-11eb-9dc6-000d3a38a36f
19340,f83e4a16-4f68-11eb-806e-000d3a38a36f
19342,f842bf98-7be1-11ea-80af-000d3a38a36f
19353,f8526a2e-ddd5-11e9-a848-000d3a38a36f
19378,f8ae1892-a8e2-11e9-a2fc-000d3a38a36f
19392,f8dac5f0-a2ba-11e9-a2fc-000d3a38a36f
19405,f90e498e-1a2e-11ea-941b-000d3a38a36f
19425,f943acb4-a7ec-11e9-a2fc-000d3a38a36f
19459,f9a77f62-a271-11e9-a2fc-000d3a38a36f
19471,f9f8105e-9f32-11e9-9897-000d3a38a36f
19472,f9f95962-a317-11e9-a2fc-000d3a38a36f
19493,fa4164fa-5c02-11eb-8dbd-000d3a38a36f
19503,fa5d3a28-ac9e-11e9-a2fc-000d3a38a36f
19512,fa801c82-b199-11e9-89fa-000d3a38a36f
19523,faa30cb0-b19e-11e9-89fa-000d3a38a36f
19525,faa8ea68-21b0-11ea-9618-000d3a38a36f
19554,fafad012-24da-11ea-bf27-000d3a38a36f
19555,fb039d50-a5b9-11e9-a2fc-000d3a38a36f
19558,fb0e6306-9ef3-11e9-9897-000d3a38a36f
19562,fb1ad734-b15f-11e9-89fa-000d3a38a36f
19570,fb2eecba-a73c-11e9-a2fc-000d3a38a36f
19590,fb77b1e2-ede7-11e9-88c1-000d3a38a36f
19592,fb82156e-a59a-11e9-a2fc-000d3a38a36f
19593,fb840306-1219-11ea-a001-000d3a38a36f
19606,fba56eec-aedc-11e9-a2fc-000d3a38a36f
19608,fbb033a0-15e2-11ea-aa74-000d3a38a36f
19610,fbbd8824-ab9e-11e9-a2fc-000d3a38a36f
19613,fbc88b3a-2929-11ea-b87a-000d3a38a36f
19623,fbf26a8c-9764-11ea-a9c8-000d3a38a36f
19624,fbf3cc6a-532b-11ea-acd3-000d3a38a36f
19632,fc0d7d2c-a989-11ea-b736-000d3a38a36f
19639,fc22320c-66b4-11ea-82da-000d3a38a36f
19647,fc39c570-fa7b-11e9-b138-000d3a38a36f
19654,fc518cb4-8841-11eb-9391-000d3a38a36f
19687,fca6174c-aad1-11e9-a2fc-000d3a38a36f
19688,fca94ae2-b176-11e9-89fa-000d3a38a36f
19707,fcfdcecc-e5f1-11ea-b769-000d3a38a36f
19721,fd1f73b6-4203-11ea-96d9-000d3a38a36f
19727,fd33baae-5146-11ea-99ba-000d3a38a36f
19733,fd3bfa24-ac3d-11e9-a2fc-000d3a38a36f
19735,fd476948-542d-11ea-b1db-000d3a38a36f
19738,fd49d458-ac5d-11e9-a2fc-000d3a38a36f
19771,fdbebc0a-d60b-11e9-93bc-000d3a38a36f
19782,fdd08240-244a-11ea-a30f-000d3a38a36f
19783,fdd2414c-2dd2-11eb-8062-000d3a299ebf
19787,fde9f7d2-b0ac-11e9-9757-000d3a38a36f
19796,fe1a0d1c-53ba-11ea-abe0-000d3a38a36f
19821,fe6b366c-4332-11ea-8b43-000d3a38a36f
19824,fe6bad9e-97de-11ea-9d91-000d3a38a36f
19842,fead81f0-1949-11eb-8d74-000d3a38a36f
19866,fefb852a-2580-11ea-b1c8-000d3a38a36f
19883,ff29957a-d6b4-11e9-93bc-000d3a38a36f
19896,ff5c9994-adb9-11e9-a2fc-000d3a38a36f
19898,ff69a5da-a945-11e9-a2fc-000d3a38a36f
19903,ff72cc94-3e6b-11ea-808e-000d3a38a36f
19909,ff86d070-ad36-11e9-a2fc-000d3a38a36f
19931,ffd73136-b098-11e9-9757-000d3a38a36f
19936,ffe5c7e8-ee12-11e9-9346-000d3a38a36f
19939,ffefdd18-77ca-11ea-9b70-000d3a38a36f
19943,fffacecc-ddc3-11e9-a848-000d3a38a36f
